{"scoring":null,"notes":"Дерево из первого примера показано ниже. Вершины $a$ и $b$ выделены жирным.\r\n\r\n\\includegraphics[scale=1]{f-sample-1-tree.png}\r\n\r\nОбратите внимание, что вы можете вывести $a$ и $b$ в любом порядке.\r\n\r\nНиже приведены ответы на все возможные запросы $1,2,\\ldots,n$:\r\n\r\n\\begin{itemize}\r\n\r\n\\item $1$: $1$\r\n\\item $2$: $2$\r\n\\item $3$: $2$\r\n\\item $4$: $4$\r\n\r\n\\end{itemize}\r\n\r\n__________________________________________\r\n\r\nДерево из второго примера показано ниже. Вершины $a$ и $b$ выделены жирным.\r\n\r\n\\includegraphics[scale=1]{h-sample-2.png}\r\n\r\n\r\nНиже приведены ответы на все возможные запросы $1,2,\\ldots,n$ в примере $2$:\r\n\r\n\\begin{itemize}\r\n\r\n\\item $1$: $1$\r\n\\item $2$: $4$\r\n\\item $3$: $1$\r\n\\item $4$: $4$\r\n\\item $5$: $4$\r\n\r\n\\end{itemize}","legend":"\\textit{Это интерактивная задача.}\r\n\r\nТак как маленький Эрики прошел на Международную олимпиаду школьников по информатике в этом году, он получил подарок от своих друзей: дерево с $n$ вершинами!\r\n\r\nПо пути к месту проведения Эрики было скучно, поэтому он решил сыграть в игру с маленьким Ивонном с использованием нового дерева. Сначала Ивонн загадывает две (не обязательно различные) вершины $a$ и $b$ в этом дереве (не сообщая их Эрики), а затем сообщает ему подсказку $f$ \"--- одну из вершин на простом пути от $a$ до $b$.\r\n\r\nЗатем маленький Эрики может спрашивать следующие вопросы:\r\n\r\n\\begin{itemize}\r\n\r\n\\item Если подвесить дерево за вершину $r$ (Эрики может выбрать $r$), какая вершина будет \\href{https://ru.wikipedia.org/wiki/Наименьший_общий_предок}{наименьшим общим предком} вершин $a$ и $b$?\r\n\r\n\\end{itemize}\r\n\r\nЗадача маленького Эрики \"--- найти вершины $a$ и $b$.\r\n\r\nМаленький Ивонн считает игру слишком простой, поэтому в начале игры, перед тем, как дать подсказку $f$, он просит Эрики найти максимальное количество запросов, необходимых для нахождения $a$ и $b$ для всех возможных значений $a$, $b$ и $f$ в предположении, что Эрики действует оптимально. Под оптимальными действиями подразумевается стратегия, делающая наименьшее число запросов. Конечно, после того, как маленький Эрики скажет это максимальное количество запросов, Ивонн не разрешит сделать больше запросов в самой игре.\r\n\r\nДерево, $a$, $b$ и $f$ фиксированы до начала игры и не меняются в зависимости от запросов.","authorLogin":"Dormi","language":"russian","timeLimit":4000,"output":"","inputFile":"stdin","outputFile":"stdout","input":"","authorName":"Allen Pei","sampleTests":[{"output":"3\r\n\r\n? 1\r\n\r\n? 2\r\n\r\n? 3\r\n\r\n! 4 1","input":"4\r\n3 2\r\n2 1\r\n2 4\r\n\r\n1\r\n\r\n1\r\n\r\n2\r\n\r\n2\r\n","inputFile":"example.01","outputFile":"example.01.a"},{"output":"3\r\n\r\n? 4\r\n\r\n? 1\r\n\r\n? 5\r\n\r\n! 1 4","input":"5\r\n3 1\r\n1 4\r\n4 5\r\n4 2\r\n\r\n1\r\n\r\n4\r\n\r\n1\r\n\r\n4\r\n","inputFile":"example.02","outputFile":"example.02.a"}],"name":"Потерянные вершины","interaction":"Сначала считайте строку, содержащую одно целое число $n$ ($1 \\le n \\le 10^5$) \"--- количество вершин в дереве.\r\n\r\nСделающие $n−1$ строк описывают дерево маленького Дорми. Каждая из этих строк содержит два целых числа $u$ и $v$ ($1 \\le u,v \\le n$), обозначающие ребро между вершинами $u$ и $v$ ($u \\neq v$). Гарантируется, что эти ребра образуют дерево.\r\n\r\nПосле этого вы должны вывести $k$ \"--- максимальное число запросов, необходимое для определения $a$ и $b$ по всем возможным значениям $a$, $b$ и $f$ в предположении оптимальной игры. Вы должны вывести перевод строки и сбросить буфер вывода после вывода $k$.\r\n\r\nЗатем считайте одно целое число $f$ ($1 \\le f \\le n$)~--- подсказку: вершину на пути от $a$ до $b$ включительно.\r\n\r\nПосле этого вы можете делать запросы. Вам будет разрешено сделать не более $k$ запросов, где $k$ \"--- число, которое вы вывели.\r\n\r\nДля того, чтобы сделать запрос, выведите <<\\texttt{? r}>>, где $r$ \"--- целое число, $1 \\le r \\le n$, обозначающее, за какую вершину вы хотите подвесить дерево.\r\n\r\nВ ответ вы получите целое число $x$ ($1 \\le x \\le n$) \"--- наименьший общий предок вершин $a$ и $b$, если дерево подвесить за $r$.\r\n\r\nКогда ваша программа определит $a$ и $b$, выведите их в следующем формате: <<\\texttt{! a b}>>, где $a$ и $b$ \"--- две загаданные вершины, и завершите программу сразу после сброса буфера вывода. Вы можете вывести $a$ и $b$ в любом порядке.\r\n\r\nПосле вывода запроса не забудьте вывести перевод строки и сбросить буфер вывода. В противном случае вы получите вердикт \\t{Решение <<зависло>>}. Для сброса буфера используйте:\r\n\r\n\\begin{itemize}\r\n\\item \\t{fflush(stdout)} или \\t{cout.flush()} в C++;\r\n\\item \\t{System.out.flush()} в Java;\r\n\\item \\t{flush(output)} в Pascal;\r\n\\item \\t{stdout.flush()} в Python;\r\n\\item смотрите документацию для других языков.\r\n\\end{itemize}\r\n\r\n\\textbf{Если вы сделаете некорректный вывод, или сделаете более $k$ запросов, взаимодействие прекратится и вы получите вердикт <<Неправильный ответ>>. Вывод считается некорректным, если это некорректный запрос, или вы вывели $k$, меньшее $0$ или большее $n$.}\r\n\r\n\\textbf{Взломы}\r\n\r\nЧтобы взломать решение, используйте следующий формат:\r\n\r\nПервая строка содержит одно целое число $n$ ($1 \\le n \\le 10^5$).\r\n\r\nСледующие $n−1$ строк содержат по два целых числа $u$ и $v$ ($1 \\le u,v \\le n$), обозначающие ребро между вершинами $u$ и $v$ ($u \\neq v$). Эти $n-1$ ребра должны образовывать дерево.\r\n\r\nСледующая строка содержит два целых числа $a$ и $b$ ($1 \\le a,b \\le n$).\r\n\r\nПоследняя строка должна содержать одно целое число $f$ ($1 \\le f \\le n$). Вершина $f$ должна лежать на простом пути от $a$ до $b$ включительно.","memoryLimit":268435456,"tutorial":""}