{"scoring":null,"notes":"Example $1$ is the example described in the statement.\r\n\r\nThe initial histogram for example $2$ is given below:\r\n\r\n\\begin{center}\r\n\\includegraphics[scale=0.5]{sample-2-initial.png}\r\n\\end{center}\r\n\r\nThe ugliness is currently $2+1+6+3+4=16$.\r\n\r\nBy applying the operation once on column $1$, six times on column $3$, and three times on column $4$, we can end up with a histogram with heights $1,1,1,1,0,0$:\r\n\r\n\\begin{center}\r\n\\includegraphics[scale=0.5]{sample-2-post.png}\r\n\\end{center}\r\n\r\nThe vertical length of the outline is now $1+1=2$ and Little Dormi made $1+6+3=10$ operations, so the final ugliness is $2+10=12$, which can be proven to be optimal.\r\n","legend":"Little Dormi received a histogram with $n$ bars of height $a_1, a_2, \\ldots, a_n$ for Christmas.  However, the more he played with his new histogram, the more he realized its imperfections, so today he wanted to modify it to his liking.\r\n\r\nTo modify the histogram, Little Dormi is able to perform the following operation an arbitrary number of times:\r\n\r\n\\begin{itemize}\r\n\r\n\\item Select an index $i$ ($1 \\le i \\le n$) where $a_i>0$, and assign $a_i := a_i-1$.\r\n\r\n\\end{itemize}\r\n\r\nLittle Dormi defines the ugliness score of his histogram (after performing some number of operations) as the sum of the vertical length of its outline and the number of operations he performed on it.  And to make the histogram as perfect as possible, he would like to minimize the ugliness score after modifying it with some number of operations.\r\n\r\nHowever, as his histogram is very large, Little Dormi is having trouble minimizing the ugliness score, so as Little Dormi's older brother, help him find the minimal ugliness.\r\n\r\nConsider the following example where the histogram has $4$ columns of heights $4,8,9,6$:\r\n\r\n\\begin{center}\r\n\\includegraphics[scale=0.5]{sample-1-initial.png}\r\n\\end{center}\r\n\r\nThe blue region represents the histogram, and the red lines represent the vertical portion of the outline.  Currently, the vertical length of the outline is $4+4+1+3+6 = 18$, so if Little Dormi does not modify the histogram at all, the ugliness would be $18$.\r\n\r\nHowever, Little Dormi can apply the operation once on column $2$ and twice on column $3$, resulting in a histogram with heights $4,7,7,6$:\r\n\r\n\\begin{center}\r\n\\includegraphics[scale=0.5]{sample-1-post.png}\r\n\\end{center}\r\n\r\nNow, as the total vertical length of the outline (red lines) is $4+3+1+6=14$, the ugliness is $14+3=17$ dollars.  It can be proven that this is optimal.","authorLogin":"Plasmatic","language":"english","timeLimit":2000,"output":"For each test case output one integer, the minimal ugliness Little Dormi can achieve with the histogram in that test case.","inputFile":"stdin","outputFile":"stdout","input":"Each test contains multiple test cases. The first line contains the number of test cases $t$ ($1 \\le t \\le 10^4$). Description of the test cases follows.\r\n\r\nThe first line of each test case contains a single integer $n$ ($1 \\le n \\le 4 \\cdot 10^5$).\r\n\r\nThe second line of each test case contains $n$ integers $a_1, a_2, \\ldots, a_n$ ($0 \\le a_i \\le 10^9$).\r\n\r\nIt is guaranteed that the sum of $n$ over all test cases does not exceed $4 \\cdot 10^5$.","authorName":"Moses Xu","sampleTests":[{"output":"17\r\n12\r\n","input":"2\r\n4\r\n4 8 9 6\r\n6\r\n2 1 7 4 0 0\r\n","inputFile":"example.01","outputFile":"example.01.a"}],"name":"Histogram Ugliness","interaction":null,"memoryLimit":268435456,"tutorial":"It's only optimal to decrease a column $i$ if $a_i > a_{i+1}$ and $a_i > a_{i-1}$, as that would reduce the vertical length of the outline by $2$ while only costing $1$ operation.  Additionally, observe that decreasing a column will never affect whether it is optimal to decrease any other column, so we can treat the operations as independent.\r\n\r\nThus, our algorithm is as follows: while it is optimal to decrease a column, do it.  Once this is no longer the case, calculate the final value of the histogram.  This can be sped up to $\\mathcal{O}(n)$ with some arithmetic and the observation above."}