<?xml version="1.0" encoding="utf-8" standalone="no"?>
<problem revision="81" short-name="falling-sand-easy" url="https://polygon.codeforces.com/p4TdbO0/Plasmatic/falling-sand-easy">
        
    <names>
                
        <name language="english" value="Falling Sand (Easy Version)"/>
                
        <name language="russian" value="Падающий песок (простая версия)"/>
            
    </names>
        
    <statements>
                
        <statement charset="UTF-8" language="english" mathjax="true" path="statements/english/problem.tex" type="application/x-tex"/>
                
        <statement charset="UTF-8" language="russian" mathjax="true" path="statements/russian/problem.tex" type="application/x-tex"/>
                
        <statement charset="UTF-8" language="english" mathjax="true" path="statements/.html/english/problem.html" type="text/html"/>
                
        <statement charset="UTF-8" language="russian" mathjax="true" path="statements/.html/russian/problem.html" type="text/html"/>
            
    </statements>
        
    <tutorials>
                
        <tutorial charset="UTF-8" language="english" mathjax="true" path="statements/english/tutorial.tex" type="application/x-tex"/>
                
        <tutorial charset="UTF-8" language="english" mathjax="true" path="statements/.html/english/tutorial.html" type="text/html"/>
                
        <tutorial language="english" path="statements/.pdf/english/tutorial.pdf" type="application/pdf"/>
            
    </tutorials>
        
    <judging cpu-name="Intel(R) Core(TM) i3-8100 CPU @ 3.60GHz" cpu-speed="3600" input-file="" output-file="">
                
        <testset name="tests">
                        
            <time-limit>2000</time-limit>
                        
            <memory-limit>536870912</memory-limit>
                        
            <test-count>103</test-count>
                        
            <input-path-pattern>tests/%02d</input-path-pattern>
                        
            <answer-path-pattern>tests/%02d.a</answer-path-pattern>
                        
            <tests>
                                
                <test method="manual"/>
                                
                <test method="manual"/>
                                
                <test method="manual"/>
                                
                <test method="manual"/>
                                
                <test cmd="gen_rect_in_rect 632 1 69" method="generated"/>
                                
                <test cmd="gen_rect_in_rect 632 10 69" method="generated"/>
                                
                <test cmd="gen_rect_in_rect 632 1000 69" method="generated"/>
                                
                <test cmd="gen_L_shape 632 1" method="generated"/>
                                
                <test cmd="gen_L_shape 632 10" method="generated"/>
                                
                <test cmd="gen_L_shape 632 1000 seed" method="generated"/>
                                
                <test cmd="gen 5 80000 40 3" method="generated"/>
                                
                <test cmd="gen 1 400000 40 3" method="generated"/>
                                
                <test cmd="gen 1 400000 100 3" method="generated"/>
                                
                <test cmd="gen 50 8000 100 3" method="generated"/>
                                
                <test cmd="gen 632 632 100 3" method="generated"/>
                                
                <test cmd="gen 400000 1 100 3" method="generated"/>
                                
                <test cmd="gen 1 400000 0 3" method="generated"/>
                                
                <test cmd="gen 632 632 0 3" method="generated"/>
                                
                <test cmd="gen_top_shape 632 632 1 50 1" method="generated"/>
                                
                <test cmd="gen_top_shape 632 632 1 97 1" method="generated"/>
                                
                <test cmd="gen_top_shape 632 632 2 50 1" method="generated"/>
                                
                <test cmd="gen_top_shape 632 632 3 20 1" method="generated"/>
                                
                <test cmd="gen_top_shape 632 632 3 50 1" method="generated"/>
                                
                <test cmd="gen_top_shape 632 632 3 97 1" method="generated"/>
                                
                <test cmd="gen_top_shape 632 632 5 50 1" method="generated"/>
                                
                <test cmd="gen_top_shape 5000 80 3 50 1" method="generated"/>
                                
                <test cmd="gen_top_shape 5000 80 5 50 1" method="generated"/>
                                
                <test cmd="gen 501 314 0 3" method="generated"/>
                                
                <test cmd="gen 1 1 0 3" method="generated"/>
                                
                <test cmd="gen 1 1 100 3" method="generated"/>
                                
                <test cmd="gen 8000 50 100 3" method="generated"/>
                                
                <test cmd="gen_rect_in_rect 632 5 69" method="generated"/>
                                
                <test cmd="gen_rect_in_rect 632 100 69" method="generated"/>
                                
                <test cmd="gen_L_shape 632 5" method="generated"/>
                                
                <test cmd="gen_L_shape 632 100" method="generated"/>
                                
                <test cmd="gen_top_shape 5 80000 5 99 1" method="generated"/>
                                
                <test cmd="gen_top_shape 1 400000 5 99 1" method="generated"/>
                                
                <test cmd="gen_top_shape 80000 5 5 99 1" method="generated"/>
                                
                <test cmd="gen_top_shape 400000 1 5 99 1" method="generated"/>
                                
                <test cmd="gen_top_shape 80000 5 5 40 1" method="generated"/>
                                
                <test cmd="gen_top_shape 400000 1 5 40 1" method="generated"/>
                                
                <test cmd="gen_top_shape 100 4000 5 40 1" method="generated"/>
                                
                <test cmd="gen_top_shape 100 4000 5 99 1" method="generated"/>
                                
                <test cmd="gen_top_shape 50 8000 5 40 1" method="generated"/>
                                
                <test cmd="gen_top_shape 50 8000 5 99 1" method="generated"/>
                                
                <test cmd="gen_top_shape 4000 100 5 40 1" method="generated"/>
                                
                <test cmd="gen_top_shape 4000 100 5 99 1" method="generated"/>
                                
                <test cmd="gen_top_shape 8000 50 5 40 1" method="generated"/>
                                
                <test cmd="gen_top_shape 8000 50 5 99 1" method="generated"/>
                                
                <test cmd="gen 5 80000 0 3" method="generated"/>
                                
                <test cmd="gen 20 20000 0 3" method="generated"/>
                                
                <test cmd="gen_top_shape 632 632 1 5 1" method="generated"/>
                                
                <test cmd="gen_top_shape 632 632 1 20 1" method="generated"/>
                                
                <test cmd="gen_top_shape 632 632 2 5 1" method="generated"/>
                                
                <test cmd="gen_top_shape 632 632 2 20 1" method="generated"/>
                                
                <test cmd="gen_top_shape 632 632 2 97 1" method="generated"/>
                                
                <test cmd="gen_top_shape 632 632 3 5 1" method="generated"/>
                                
                <test cmd="gen_top_shape 632 632 5 5 1" method="generated"/>
                                
                <test cmd="gen_top_shape 632 632 5 20 1" method="generated"/>
                                
                <test cmd="gen_top_shape 632 632 5 97 1" method="generated"/>
                                
                <test cmd="gen_top_shape 80 5000 1 5 1" method="generated"/>
                                
                <test cmd="gen_top_shape 80 5000 1 20 1" method="generated"/>
                                
                <test cmd="gen_top_shape 80 5000 1 50 1" method="generated"/>
                                
                <test cmd="gen_top_shape 80 5000 1 97 1" method="generated"/>
                                
                <test cmd="gen_top_shape 80 5000 2 5 1" method="generated"/>
                                
                <test cmd="gen_top_shape 80 5000 2 20 1" method="generated"/>
                                
                <test cmd="gen_top_shape 80 5000 2 50 1" method="generated"/>
                                
                <test cmd="gen_top_shape 80 5000 2 97 1" method="generated"/>
                                
                <test cmd="gen_top_shape 80 5000 3 5 1" method="generated"/>
                                
                <test cmd="gen_top_shape 80 5000 3 20 1" method="generated"/>
                                
                <test cmd="gen_top_shape 80 5000 3 50 1" method="generated"/>
                                
                <test cmd="gen_top_shape 80 5000 3 97 1" method="generated"/>
                                
                <test cmd="gen_top_shape 80 5000 5 5 1" method="generated"/>
                                
                <test cmd="gen_top_shape 80 5000 5 20 1" method="generated"/>
                                
                <test cmd="gen_top_shape 80 5000 5 50 1" method="generated"/>
                                
                <test cmd="gen_top_shape 80 5000 5 97 1" method="generated"/>
                                
                <test cmd="gen_top_shape 5000 80 1 5 1" method="generated"/>
                                
                <test cmd="gen_top_shape 5000 80 1 20 1" method="generated"/>
                                
                <test cmd="gen_top_shape 5000 80 1 50 1" method="generated"/>
                                
                <test cmd="gen_top_shape 5000 80 1 97 1" method="generated"/>
                                
                <test cmd="gen_top_shape 5000 80 2 5 1" method="generated"/>
                                
                <test cmd="gen_top_shape 5000 80 2 20 1" method="generated"/>
                                
                <test cmd="gen_top_shape 5000 80 2 50 1" method="generated"/>
                                
                <test cmd="gen_top_shape 5000 80 2 97 1" method="generated"/>
                                
                <test cmd="gen_top_shape 5000 80 3 5 1" method="generated"/>
                                
                <test cmd="gen_top_shape 5000 80 3 20 1" method="generated"/>
                                
                <test cmd="gen_top_shape 5000 80 3 97 1" method="generated"/>
                                
                <test cmd="gen_top_shape 5000 80 5 5 1" method="generated"/>
                                
                <test cmd="gen_top_shape 5000 80 5 20 1" method="generated"/>
                                
                <test cmd="gen_top_shape 5000 80 5 97 1" method="generated"/>
                                
                <test cmd="gen 1 400000 20 3" method="generated"/>
                                
                <test cmd="gen 1 400000 80 3" method="generated"/>
                                
                <test cmd="gen 50 8000 20 3" method="generated"/>
                                
                <test cmd="gen 50 8000 60 3" method="generated"/>
                                
                <test cmd="gen 632 632 1 3" method="generated"/>
                                
                <test cmd="gen 632 632 20 3" method="generated"/>
                                
                <test cmd="gen 632 632 40 3" method="generated"/>
                                
                <test cmd="gen 632 632 60 3" method="generated"/>
                                
                <test cmd="gen 632 632 80 3" method="generated"/>
                                
                <test cmd="gen 632 632 99 3" method="generated"/>
                                
                <test cmd="gen 8000 50 40 3" method="generated"/>
                                
                <test cmd="gen 8000 50 80 3" method="generated"/>
                                
                <test cmd="gen 400000 1 20 3" method="generated"/>
                            
            </tests>
                    
        </testset>
                
        <testset name="pretests">
                        
            <time-limit>2000</time-limit>
                        
            <memory-limit>536870912</memory-limit>
                        
            <test-count>30</test-count>
                        
            <input-path-pattern>pretests/%02d</input-path-pattern>
                        
            <answer-path-pattern>pretests/%02d.a</answer-path-pattern>
                        
            <tests>
                                
                <test method="manual" sample="true"/>
                                
                <test method="manual" sample="true"/>
                                
                <test method="manual"/>
                                
                <test method="manual"/>
                                
                <test cmd="gen_rect_in_rect 632 1 69" method="generated"/>
                                
                <test cmd="gen_rect_in_rect 632 10 69" method="generated"/>
                                
                <test cmd="gen_rect_in_rect 632 1000 69" method="generated"/>
                                
                <test cmd="gen_L_shape 632 1" method="generated"/>
                                
                <test cmd="gen_L_shape 632 10" method="generated"/>
                                
                <test cmd="gen_L_shape 632 1000 seed" method="generated"/>
                                
                <test cmd="gen 5 80000 40 3" method="generated"/>
                                
                <test cmd="gen 1 400000 40 3" method="generated"/>
                                
                <test cmd="gen 1 400000 100 3" method="generated"/>
                                
                <test cmd="gen 50 8000 100 3" method="generated"/>
                                
                <test cmd="gen 632 632 100 3" method="generated"/>
                                
                <test cmd="gen 400000 1 100 3" method="generated"/>
                                
                <test cmd="gen 1 400000 0 3" method="generated"/>
                                
                <test cmd="gen 632 632 0 3" method="generated"/>
                                
                <test cmd="gen_top_shape 632 632 1 50 1" method="generated"/>
                                
                <test cmd="gen_top_shape 632 632 1 97 1" method="generated"/>
                                
                <test cmd="gen_top_shape 632 632 2 50 1" method="generated"/>
                                
                <test cmd="gen_top_shape 632 632 3 20 1" method="generated"/>
                                
                <test cmd="gen_top_shape 632 632 3 50 1" method="generated"/>
                                
                <test cmd="gen_top_shape 632 632 3 97 1" method="generated"/>
                                
                <test cmd="gen_top_shape 632 632 5 50 1" method="generated"/>
                                
                <test cmd="gen_top_shape 5000 80 3 50 1" method="generated"/>
                                
                <test cmd="gen_top_shape 5000 80 5 50 1" method="generated"/>
                                
                <test cmd="gen 501 314 0 3" method="generated"/>
                                
                <test cmd="gen 1 1 0 3" method="generated"/>
                                
                <test cmd="gen 1 1 100 3" method="generated"/>
                            
            </tests>
                    
        </testset>
            
    </judging>
        
    <files>
                
        <resources>
                        
            <file path="files/olymp.sty"/>
                        
            <file path="files/problem.tex"/>
                        
            <file path="files/statements.ftl"/>
                        
            <file path="files/testlib.h" type="h.g++"/>
                        
            <file path="files/tutorial.tex"/>
                    
        </resources>
                
        <executables>
                        
            <executable>
                                
                <source path="files/gen.cpp" type="cpp.g++17"/>
                                
                <binary path="files/gen.exe" type="exe.win32"/>
                            
            </executable>
                        
            <executable>
                                
                <source path="files/gen_L_shape.cpp" type="cpp.g++17"/>
                                
                <binary path="files/gen_L_shape.exe" type="exe.win32"/>
                            
            </executable>
                        
            <executable>
                                
                <source path="files/gen_none.cpp" type="cpp.g++17"/>
                                
                <binary path="files/gen_none.exe" type="exe.win32"/>
                            
            </executable>
                        
            <executable>
                                
                <source path="files/gen_rect_in_rect.cpp" type="cpp.g++17"/>
                                
                <binary path="files/gen_rect_in_rect.exe" type="exe.win32"/>
                            
            </executable>
                        
            <executable>
                                
                <source path="files/gen_top_shape.cpp" type="cpp.g++17"/>
                                
                <binary path="files/gen_top_shape.exe" type="exe.win32"/>
                            
            </executable>
                        
            <executable>
                                
                <source path="files/validator.cpp" type="cpp.g++17"/>
                                
                <binary path="files/validator.exe" type="exe.win32"/>
                            
            </executable>
                    
        </executables>
            
    </files>
        
    <assets>
                
        <checker name="std::ncmp.cpp" type="testlib">
                        
            <source path="files/check.cpp" type="cpp.g++17"/>
                        
            <binary path="check.exe" type="exe.win32"/>
                        
            <copy path="check.cpp"/>
                        
            <testset>
                                
                <test-count>0</test-count>
                                
                <input-path-pattern>files/tests/checker-tests/%02d</input-path-pattern>
                                
                <output-path-pattern>files/tests/checker-tests/%02d.o</output-path-pattern>
                                
                <answer-path-pattern>files/tests/checker-tests/%02d.a</answer-path-pattern>
                                
                <tests/>
                            
            </testset>
                    
        </checker>
                
        <validators>
                        
            <validator>
                                
                <source path="files/validator.cpp" type="cpp.g++17"/>
                                
                <binary path="files/validator.exe" type="exe.win32"/>
                                
                <testset>
                                        
                    <test-count>13</test-count>
                                        
                    <input-path-pattern>files/tests/validator-tests/%02d</input-path-pattern>
                                        
                    <tests>
                                                
                        <test verdict="invalid"/>
                                                
                        <test verdict="valid"/>
                                                
                        <test verdict="valid"/>
                                                
                        <test verdict="invalid"/>
                                                
                        <test verdict="invalid"/>
                                                
                        <test verdict="invalid"/>
                                                
                        <test verdict="invalid"/>
                                                
                        <test verdict="invalid"/>
                                                
                        <test verdict="invalid"/>
                                                
                        <test verdict="invalid"/>
                                                
                        <test verdict="invalid"/>
                                                
                        <test verdict="invalid"/>
                                                
                        <test verdict="invalid"/>
                                            
                    </tests>
                                    
                </testset>
                            
            </validator>
                    
        </validators>
                
        <solutions>
                        
            <solution tag="accepted">
                                
                <source path="solutions/allenF2.cpp" type="cpp.g++17"/>
                                
                <binary path="solutions/allenF2.exe" type="exe.win32"/>
                            
            </solution>
                        
            <solution tag="time-limit-exceeded">
                                
                <source path="solutions/bruteF2.cpp" type="cpp.g++17"/>
                                
                <binary path="solutions/bruteF2.exe" type="exe.win32"/>
                            
            </solution>
                        
            <solution tag="accepted">
                                
                <source path="solutions/ericF1.cpp" type="cpp.g++17"/>
                                
                <binary path="solutions/ericF1.exe" type="exe.win32"/>
                            
            </solution>
                        
            <solution tag="accepted">
                                
                <source path="solutions/ericF2.cpp" type="cpp.g++17"/>
                                
                <binary path="solutions/ericF2.exe" type="exe.win32"/>
                            
            </solution>
                        
            <solution tag="accepted">
                                
                <source path="solutions/ericF2_2.cpp" type="cpp.msys2-mingw64-9-g++17"/>
                                
                <binary path="solutions/ericF2_2.exe" type="exe.win32"/>
                            
            </solution>
                        
            <solution tag="accepted">
                                
                <source path="solutions/ericF2_bit.cpp" type="cpp.g++17"/>
                                
                <binary path="solutions/ericF2_bit.exe" type="exe.win32"/>
                            
            </solution>
                        
            <solution tag="main">
                                
                <source path="solutions/main.cpp" type="cpp.g++17"/>
                                
                <binary path="solutions/main.exe" type="exe.win32"/>
                            
            </solution>
                    
        </solutions>
            
    </assets>
        
    <properties>
                
        <property name="tests-wellformed" value="true"/>
            
    </properties>
        
    <stresses>
                
        <stress-count>2</stress-count>
                
        <stress-path-pattern>stresses/%03d</stress-path-pattern>
                
        <list>
                        
            <stress index="2" path="stresses/002"/>
                        
            <stress index="1" path="stresses/001"/>
                    
        </list>
            
    </stresses>
        
    <tags>
                
        <tag value="graph"/>
                
        <tag value="greedy"/>
                
        <tag value="tarjan"/>
            
    </tags>
    
</problem>
