{"scoring":null,"notes":"Here is the the tree from the first sample interaction.  Nodes $a$ and $b$ are highlighted.\r\n\r\n\\begin{center}\r\n\\includegraphics[scale=1]{f-sample-1-tree.png}\r\n\\end{center}\r\n\r\nNotice that $a$ and $b$ can be output in any order.\r\n\r\nAdditionally, here are the answers to querying every single node $1,2,\\ldots,n$ for your convenience:\r\n\r\n\\begin{itemize}\r\n\r\n\\item $1$: $1$\r\n\\item $2$: $2$\r\n\\item $3$: $2$\r\n\\item $4$: $4$\r\n\r\n\\end{itemize}\r\n\r\n__________________________________________\r\n\r\nHere is the the tree from the second sample interaction.  Again, nodes $a$ and $b$ are highlighted.\r\n\r\n\\begin{center}\r\n\\includegraphics[scale=1]{h-sample-2.png}\r\n\\end{center}\r\n\r\nLastly, here are the answers to querying every single node $1,2,\\ldots,n$ (in example $2$) for your convenience:\r\n\r\n\\begin{itemize}\r\n\r\n\\item $1$: $1$\r\n\\item $2$: $4$\r\n\\item $3$: $1$\r\n\\item $4$: $4$\r\n\\item $5$: $4$\r\n\r\n\\end{itemize}","legend":"\\textit{This is an interactive problem.}\r\n\r\nAs he qualified for IOI this year, Little Ericyi was given a gift from all his friends: a tree of $n$ nodes!\r\n\r\nOn the flight to IOI Little Ericyi was very bored, so he decided to play a game with Little Yvonne with his new tree. First, Little Yvonne selects two (not necessarily different) nodes $a$ and $b$ on the tree (without telling Ericyi), and then gives him a hint $f$ (which is some node on the path from $a$ to $b$).\r\n\r\nThen, Little Ericyi is able to ask the following question repeatedly:\r\n\r\n\\begin{itemize}\r\n\r\n\\item If I rooted the tree at node $r$ (Ericyi gets to choose $r$), what would be the \\href{https://en.wikipedia.org/wiki/Lowest_common_ancestor}{Lowest Common Ancestor} of $a$ and $b$?\r\n\r\n\\end{itemize}\r\n\r\nLittle Ericyi's goal is to find the nodes $a$ and $b$, and report them to Little Yvonne.\r\n\r\nHowever, Little Yvonne thought this game was too easy, so before he gives the hint $f$ to Little Ericyi, he also wants him to first find the maximum number of queries required to determine $a$ and $b$ over all possibilities of $a$, $b$, and $f$ assuming Little Ericyi plays optimally.  Little Ericyi defines an optimal strategy as one that makes the minimum number of queries.  Of course, once Little Ericyi replies with the maximum number of queries, Little Yvonne will only let him use that many queries in the game.\r\n\r\nThe tree, $a$, $b$, and $f$ are all fixed before the start of the game and do not change as queries are made.\r\n","authorLogin":"Dormi","language":"english","timeLimit":4000,"output":"","inputFile":"stdin","outputFile":"stdout","input":"","authorName":"Allen Pei","sampleTests":[{"output":"3\r\n\r\n? 1\r\n\r\n? 2\r\n\r\n? 3\r\n\r\n! 4 1","input":"4\r\n3 2\r\n2 1\r\n2 4\r\n\r\n1\r\n\r\n1\r\n\r\n2\r\n\r\n2\r\n","inputFile":"example.01","outputFile":"example.01.a"},{"output":"3\r\n\r\n? 4\r\n\r\n? 1\r\n\r\n? 5\r\n\r\n! 1 4","input":"5\r\n3 1\r\n1 4\r\n4 5\r\n4 2\r\n\r\n1\r\n\r\n4\r\n\r\n1\r\n\r\n4\r\n","inputFile":"example.02","outputFile":"example.02.a"}],"name":"Lost Nodes","interaction":"First read a line containing the integer $n$ ($1 \\le n \\le 10^5$), the number of nodes in the tree.\r\n\r\nThe next $n−1$ lines describe Little Ericyi's tree. These lines contain two integers $u$ and $v$ ($1 \\le u,v \\le n$) denoting an edge between $u$ and $v$ ($u \\neq v$). It is guaranteed that these edges form a tree.\r\n\r\nAfter that you should output $k$, the maximum number of queries needed to determine $a$ and $b$ over all possibilities of $a$, $b$, and $f$ assuming Little Ericyi plays optimally. You should output end of line and flush the output after printing $k$.\r\n\r\nAfter that read a line containing the integer $f$ ($1 \\le f \\le n$)~--- the hint: a node on the path from $a$ to $b$, inclusive.\r\n\r\nAfter that, you can start making queries. You will be limited to making at most $k$ queries, where $k$ is the number you printed.\r\n\r\nEach query is made in the format ``\\texttt{? r}'', where $r$ is an integer $1 \\le r \\le n$ denoting the root node you want for the query.\r\n\r\nYou will then receive an integer $x$ ($1 \\le x \\le n$), the Lowest Common Ancestor of $a$ and $b$ if the tree was rooted at $r$.\r\n\r\nWhen your program has found the nodes $a$, $b$, report the answer in the following format: ``\\texttt{! a b}'', where $a$ and $b$ are the two hidden nodes and terminate your program normally immediately after flushing the output stream. You may output $a$ and $b$ in any order.\r\n\r\nAfter printing a query do not forget to output end of line and flush the output. Otherwise, you will get \\t{Idleness limit exceeded}. To do this, use:\r\n\r\n\\begin{itemize}\r\n\r\n\\item \\t{fflush(stdout)} or \\t{cout.flush()} in C++;\r\n\\item \\t{System.out.flush()} in Java;\r\n\\item \\t{flush(output)} in Pascal;\r\n\\item \\t{stdout.flush()} in Python;\r\n\\item see documentation for other languages.\r\n\r\n\\end{itemize}\r\n\r\n\\textbf{If at any point you make an invalid output or make more than $k$ queries, the interaction will terminate and you will receive a Wrong Answer verdict.  An invalid output is defined as either an invalid query or a value of $k$ less than $0$ or greater than $n$.}\r\n\r\n\\textbf{Hacks}\r\n\r\nTo hack a solution, use the following format:\r\n\r\nThe first line contains the integer $n$ ($1 \\le n \\le 10^5$).\r\n\r\nThe next $n−1$ lines contain two integers $u$ and $v$ ($1 \\le u,v \\le n$) denoting an edge between $u$ and $v$ ($u \\neq v$).  These $n-1$ edges must form a tree.\r\n\r\nThe next line of input contains the nodes $a$ and $b$ ($1 \\le a,b \\le n$), separated by a space.\r\n\r\nThe final line of input contains the integer $f$ ($1 \\le f \\le n$). Node $f$ should be on the simple path from $a$ to $b$ (inclusive).\r\n","memoryLimit":268435456,"tutorial":"\\textbf{Finding the theoretical maximum}\r\n\r\nFor now, let's only look at finding $k$ for fixed $f$. We will expand for all $f$ later.\r\n\r\nWe know that $f$ is on the path from $a$ to $b$. Let us root the tree at $f$. Thus, we know that the path will pass through the root, and that there are exactly $2$ non-negative length chains beginning at the root. With that in mind, let's take a look at what a question ``? r\r\n really does.\r\n\\begin{itemize}\r\n \\item What happens if $r$ is on the path from $a$ to $b$? In this case, we obtain $r$ as the answer.\r\n \\item What happens if $r$ is not on the path from $a$ to $b$? In this case, we obtain the \\textit{closest} node to $r$ on the path from $a$ to $b$.\r\n\\end{itemize}\r\n\r\nLet's try to find one endpoint of one of these chains first. Consider the following dynamic programming structure:\r\n\\begin{itemize}\r\n \\item Let $dp[u]$ denote the minimum number of questions required to ``solve'' the subtree rooted at $u$. By ``solve'', we mean to determine if the endpoint of a chain is in the subtree or not, and if it is in the subtree, the exact node.\r\n\\end{itemize}\r\n\r\nThe base case is pretty obvious. For a leaf node, it will take exactly $1$ question to solve a leaf node. If the endpoint of the chain does indeed end at the leaf node, then a question will return the leaf node. Otherwise it'll return an ancestor of the leaf.\r\n\r\nLet's move on to a non-base case at a node $x$. Let's call the most ``expensive'' child of $x$ as the child $c$ with the largest $dp[c]$ (i.e. takes the most number of questions to ``solve'').\r\n\r\nFor now, assume we know that an endpoint exists in the subtree rooted at $x$, and is not $x$. Thus, we will need to iterate through each child to determine in which child's subtree the endpoint exists. We will need to use one question per child. However, note that not all of these questions count towards our question count. There are two cases:\r\n\\begin{enumerate}\r\n \\item In the current child we are exploring, the endpoint does exist there. In this case, the question we used does not count towards our question count. We can use a question from the child's question count. This may seem a bit strange, but if we query correctly, then in the same time we check if the endpoint exists in the child's subtree, we also process the most ``expensive'' child of the child and determine if the endpoint exist in that child of the child's subtree.\r\n \\item In the current child we are exploring, the endpoint doesn't exist there. In this case, the question we used must count towards our question count. We could consider this a ``wasted'' question as we didn't learn anything new about where the endpoint is, just that it's not in this child.\r\n\\end{enumerate}\r\n\r\nNow, in which order should be explore the children? We can greedy this. Recall that any ``wasted'' questions count towards our question count. Thus, for more ``expensive'' children, we want to have wasted less questions when we get to the child, as in the case the endpoint does exist there, we would need even more questions (adding the ``wasted'' questions to $dp[c]$ where $c$ is the child). This gives us the following idea:\r\n\\begin{itemize}\r\n \\item To determine if the $i^\\text{th}$ ($0$-indexed) child $c$ of $x$ contains the endpoint, we would need to waste $i$ questions. If the endpoint does exist in $c$, we would need to use a total of $dp[c] + i$ questions to ``solve'' the subtree rooted at $x$.\r\nSince we are trying to find the worst case, we want to order the children of $x$ such as to minimize the maximum of all $dp[c] + i$. The optimal ordering is the non-increasing order of $dp[c]$.\r\n\\end{itemize}\r\n\r\nThe transition is thus:\r\n\r\n $dp[x] = \\max\\{dp[c_i] + i\\} \\,\\, \\forall \\,\\, 0 \\le i < |c|$, where the $dp$ values are sorted in non-increasing order, and $c$ are the children of $x$.\r\n\r\nNow wait! We haven't handled the case where the endpoint doesn't exist in $x$ or the case where the endpoint is $x$ yet! Turns out, both of these cases are already handled for us. We only need to be a bit careful when we actually perform the interaction later on.\r\n\\begin{itemize}\r\n \\item If the endpoint doesn't exist in $x$, we would have already realized when one of the questions to a child of $x$ returns an ancestor of $x$. This question count won't be lost though. It will simply be counted towards a ``wasted'' question for one of the ancestors of $x$.\r\n \\item If the endpoint is $x$, then all of the questions to a child of $x$ will return $x$ (not a ancestor of $x$). Thus, we will know that the endpoint is $x$ with exactly $|c|$ wasted questions. Notice, however, that $|c| \\le dp[x]$ by the nature of the transition. Thus, this case will never be our worst case, so we can ignore it for the dynamic programming.\r\n\\end{itemize}\r\n\r\nWe now have the dynamic programming complete, but notice that it's only for the endpoint of one chain. At our root $f$, there are two chains with two endpoints. Thus, our final answer won't be simply taking $dp[f]$. It will require a bit more computation.\r\n\r\nFor now, assume that both endpoints are not $f$ (i.e. both chains have positive length). Following a similar analysis as the dynamic programming transition, we have that for any child that does not contain either chain endpoint, we would need to ``waste'' a question. Once again, the optimal ordering is to process in non-increasing order. However, adding $i$ to the $i^\\text{th}$ child is no longer correct. Consider the following observations:\r\n\\begin{enumerate}\r\n \\item When processing a child that doesn't contain a chain, that child only takes one question to determine that \\textit{both} chains are not in that child.\r\n \\item For the first child that we know contains a chain, we don't ``waste'' a question. This question is included in that child's question count.\r\n\\end{enumerate}\r\n\r\nWith observation $1$, we are basically figuring out the first chain's endpoint for free. There are no wasted questions, as all wasted questions will be counted for the second chain.\r\nWith observation $2$, we have that adding $i$ wasted questions is no longer correct. We only waste $i - 1$ questions for the $i^\\text{th}$ child, as one of the processed children contains the first chain (and thus doesn't waste a question).\r\n\r\nThus, for the root, our formula is:\r\n\r\n $ans = \\max\\{dp[c_j] + dp[c_i] + i - 1\\} \\,\\, \\forall \\,\\, 0 \\le j < i < |c|$, where the $dp$ values are sorted in non-increasing order, and $c$ is the children of $f$. Note that this formula has an $\\mathcal{O}(n^2)$ worst case for a star graph, so we will need to optimize it.\r\n\r\nOur optimized formula is:\r\n\r\n $ans = dp[c_0] + \\max\\{dp[c_i] + i - 1\\} \\,\\, \\forall \\,\\, 1 \\le i < |c|$, where the $dp$ values are sorted in non-increasing order, and $c$ is the children of $f$.\r\n\r\nOnce again, with a similar analysis as what was done for the $dp$ computation, the case that one (or both) chains have a zero length will never be the worst case, and so we can ignore it for the dynamic programming. However, the case must still be handled during interaction.\r\n\r\nRecall that the above was for a fixed $f$. To find the maximum for all $f$, we can perform a tree walk. When transitioning from one root to an adjacent root, use a prefix and suffix max array to compute $\\max{dp[c_i] + i}$, ignoring the $c_i$ that is the new root. Both max arrays should store $dp[c_i] + i$, not $dp[c_i]$. Remember to subtract $1$ from the suffix array values, as there is one less wasted question.\r\n\r\n------------------------------------------------------\r\n\r\n\r\n\\textbf{Interacting}\r\n\r\nIf you understood the initial dynamic programming computation for determining the theoretical maximum, the interaction should be relatively straightforward, and so we will leave it as an exercise for the reader. Be careful when handling the special cases that were ignored during the dynamic programming.\r\n\r\n------------------------------------------------------\r\n\r\nThe final time complexity is $\\mathcal{O}(n \\log n)$ and memory complexity is $\\mathcal{O}(n)$.\r\n"}