<?xml version="1.0" encoding="utf-8" standalone="no"?>
<problem revision="29" short-name="missing-permutations" url="https://polygon.codeforces.com/p2sPhok/Dormi/missing-permutations">
        
    <names>
                
        <name language="english" value="Little Alawn's Puzzle"/>
                
        <name language="russian" value="Головоломка маленького Алана"/>
            
    </names>
        
    <statements>
                
        <statement charset="UTF-8" language="english" mathjax="true" path="statements/english/problem.tex" type="application/x-tex"/>
                
        <statement charset="UTF-8" language="russian" mathjax="true" path="statements/russian/problem.tex" type="application/x-tex"/>
                
        <statement charset="UTF-8" language="english" mathjax="true" path="statements/.html/english/problem.html" type="text/html"/>
                
        <statement charset="UTF-8" language="russian" mathjax="true" path="statements/.html/russian/problem.html" type="text/html"/>
                
        <statement language="english" path="statements/.pdf/english/problem.pdf" type="application/pdf"/>
                
        <statement language="russian" path="statements/.pdf/russian/problem.pdf" type="application/pdf"/>
            
    </statements>
        
    <tutorials>
                
        <tutorial charset="UTF-8" language="english" mathjax="true" path="statements/english/tutorial.tex" type="application/x-tex"/>
                
        <tutorial charset="UTF-8" language="english" mathjax="true" path="statements/.html/english/tutorial.html" type="text/html"/>
                
        <tutorial language="english" path="statements/.pdf/english/tutorial.pdf" type="application/pdf"/>
            
    </tutorials>
        
    <judging cpu-name="Intel(R) Core(TM) i3-8100 CPU @ 3.60GHz" cpu-speed="3600" input-file="" output-file="">
                
        <testset name="tests">
                        
            <time-limit>2500</time-limit>
                        
            <memory-limit>268435456</memory-limit>
                        
            <test-count>28</test-count>
                        
            <input-path-pattern>tests/%02d</input-path-pattern>
                        
            <answer-path-pattern>tests/%02d.a</answer-path-pattern>
                        
            <tests>
                                
                <test method="manual"/>
                                
                <test cmd="gen_all_small 5" method="generated"/>
                                
                <test cmd="gen 1 400000" method="generated"/>
                                
                <test cmd="gen 10 400000" method="generated"/>
                                
                <test cmd="gen 10000 400000" method="generated"/>
                                
                <test cmd="gen_cycle_cnt 1 400000 1000" method="generated"/>
                                
                <test cmd="gen_cycle_cnt 10 400000 10" method="generated"/>
                                
                <test cmd="gen_cycle_cnt 10 400000 25" method="generated"/>
                                
                <test cmd="gen_cycle_cnt 10 400000 -10" method="generated"/>
                                
                <test cmd="gen_cycle_cnt 10 400000 -100" method="generated"/>
                                
                <test cmd="gen 25 400000" method="generated"/>
                                
                <test cmd="gen 100 400000" method="generated"/>
                                
                <test cmd="gen 250 400000" method="generated"/>
                                
                <test cmd="gen 600 400000" method="generated"/>
                                
                <test cmd="gen 1000 400000" method="generated"/>
                                
                <test cmd="gen 5000 400000" method="generated"/>
                                
                <test cmd="gen_cycle_cnt 100 400000 1000" method="generated"/>
                                
                <test cmd="gen_cycle_cnt 100 400000 100" method="generated"/>
                                
                <test cmd="gen_cycle_cnt 100 400000 10" method="generated"/>
                                
                <test cmd="gen_cycle_cnt 100 400000 25" method="generated"/>
                                
                <test cmd="gen_cycle_cnt 100 400000 -10" method="generated"/>
                                
                <test cmd="gen_cycle_cnt 100 400000 -100" method="generated"/>
                                
                <test cmd="gen_cycle_cnt 1000 400000 100" method="generated"/>
                                
                <test cmd="gen_cycle_cnt 1000 400000 10" method="generated"/>
                                
                <test cmd="gen_cycle_cnt 1000 400000 25" method="generated"/>
                                
                <test cmd="gen_cycle_cnt 1000 400000 -10" method="generated"/>
                                
                <test cmd="gen_cycle_cnt 1000 400000 -100" method="generated"/>
                                
                <test description="Added via external API by 'codeforces'. Had custom generator with line &quot;hackC&quot;, see attachment file hackC.cpp-for-test-28-cccb7a1af20ee381882e76e7a383e3c0" method="manual"/>
                            
            </tests>
                    
        </testset>
                
        <testset name="pretests">
                        
            <time-limit>2500</time-limit>
                        
            <memory-limit>268435456</memory-limit>
                        
            <test-count>10</test-count>
                        
            <input-path-pattern>pretests/%02d</input-path-pattern>
                        
            <answer-path-pattern>pretests/%02d.a</answer-path-pattern>
                        
            <tests>
                                
                <test method="manual" sample="true"/>
                                
                <test cmd="gen_all_small 5" method="generated"/>
                                
                <test cmd="gen 1 400000" method="generated"/>
                                
                <test cmd="gen 10 400000" method="generated"/>
                                
                <test cmd="gen 10000 400000" method="generated"/>
                                
                <test cmd="gen_cycle_cnt 1 400000 1000" method="generated"/>
                                
                <test cmd="gen_cycle_cnt 10 400000 10" method="generated"/>
                                
                <test cmd="gen_cycle_cnt 10 400000 25" method="generated"/>
                                
                <test cmd="gen_cycle_cnt 10 400000 -10" method="generated"/>
                                
                <test cmd="gen_cycle_cnt 10 400000 -100" method="generated"/>
                            
            </tests>
                    
        </testset>
            
    </judging>
        
    <files>
                
        <resources>
                        
            <file path="files/olymp.sty"/>
                        
            <file path="files/problem.tex"/>
                        
            <file path="files/statements.ftl"/>
                        
            <file path="files/testlib.h" type="h.g++"/>
                        
            <file path="files/tutorial.tex"/>
                    
        </resources>
                
        <attachments>
                        
            <file path="files/hackC.cpp-for-test-28-cccb7a1af20ee381882e76e7a383e3c0"/>
                    
        </attachments>
                
        <executables>
                        
            <executable>
                                
                <source path="files/gen.cpp" type="cpp.g++17"/>
                                
                <binary path="files/gen.exe" type="exe.win32"/>
                            
            </executable>
                        
            <executable>
                                
                <source path="files/gen_all_small.cpp" type="cpp.g++17"/>
                                
                <binary path="files/gen_all_small.exe" type="exe.win32"/>
                            
            </executable>
                        
            <executable>
                                
                <source path="files/gen_cycle_cnt.cpp" type="cpp.g++17"/>
                                
                <binary path="files/gen_cycle_cnt.exe" type="exe.win32"/>
                            
            </executable>
                        
            <executable>
                                
                <source path="files/validator.cpp" type="cpp.g++17"/>
                                
                <binary path="files/validator.exe" type="exe.win32"/>
                            
            </executable>
                    
        </executables>
            
    </files>
        
    <assets>
                
        <checker name="std::ncmp.cpp" type="testlib">
                        
            <source path="files/check.cpp" type="cpp.g++17"/>
                        
            <binary path="check.exe" type="exe.win32"/>
                        
            <copy path="check.cpp"/>
                        
            <testset>
                                
                <test-count>0</test-count>
                                
                <input-path-pattern>files/tests/checker-tests/%02d</input-path-pattern>
                                
                <output-path-pattern>files/tests/checker-tests/%02d.o</output-path-pattern>
                                
                <answer-path-pattern>files/tests/checker-tests/%02d.a</answer-path-pattern>
                                
                <tests/>
                            
            </testset>
                    
        </checker>
                
        <validators>
                        
            <validator>
                                
                <source path="files/validator.cpp" type="cpp.g++17"/>
                                
                <binary path="files/validator.exe" type="exe.win32"/>
                                
                <testset>
                                        
                    <test-count>12</test-count>
                                        
                    <input-path-pattern>files/tests/validator-tests/%02d</input-path-pattern>
                                        
                    <tests>
                                                
                        <test verdict="valid"/>
                                                
                        <test verdict="invalid"/>
                                                
                        <test verdict="invalid"/>
                                                
                        <test verdict="invalid"/>
                                                
                        <test verdict="invalid"/>
                                                
                        <test verdict="invalid"/>
                                                
                        <test verdict="invalid"/>
                                                
                        <test verdict="invalid"/>
                                                
                        <test verdict="valid"/>
                                                
                        <test verdict="invalid"/>
                                                
                        <test verdict="invalid"/>
                                                
                        <test verdict="invalid"/>
                                            
                    </tests>
                                    
                </testset>
                            
            </validator>
                    
        </validators>
                
        <solutions>
                        
            <solution tag="accepted">
                                
                <source path="solutions/C.java" type="java11"/>
                                
                <binary path="solutions/C.jar" type="jar"/>
                            
            </solution>
                        
            <solution tag="accepted">
                                
                <source path="solutions/C_python_sol.py" type="python.pypy3"/>
                                
                <binary path="solutions/C_python_sol.pypys3" type="pythonx.pypy3"/>
                            
            </solution>
                        
            <solution tag="main">
                                
                <source path="solutions/sol_allen.cpp" type="cpp.g++17"/>
                                
                <binary path="solutions/sol_allen.exe" type="exe.win32"/>
                            
            </solution>
                        
            <solution tag="accepted">
                                
                <source path="solutions/sol_evan.cpp" type="cpp.g++17"/>
                                
                <binary path="solutions/sol_evan.exe" type="exe.win32"/>
                            
            </solution>
                    
        </solutions>
            
    </assets>
        
    <properties>
                
        <property name="tests-wellformed" value="true"/>
            
    </properties>
        
    <stresses>
                
        <stress-count>0</stress-count>
                
        <stress-path-pattern>stresses/%03d</stress-path-pattern>
                
        <list/>
            
    </stresses>
        
    <tags>
                
        <tag value="graph theory"/>
                
        <tag value="permutations"/>
            
    </tags>
    
</problem>
