{"scoring":null,"notes":"В примере $1$ Анни может посетить все необходимые точки, поэтому энергия не требуется.\r\n\r\nВ примере $2$ Анни сначала может пойти в $(1,0)$, посадить оттуда второй куст, используя $1$ единицу энергии. Затем она пойдет в $(1,1)$ и посадит первый куст, используя $0$ единиц энергии.","legend":"Анни устала выигрывать все контесты и получать бесконечный рейтинг, поэтому сегодня вместо контеста она поехала сажать картошку.\r\n\r\nУчасток Анни можно представить в виде бесконечной плоскости. Анни должна посадить $n$ кустов картошки, $i$-й куст должен быть посажен в точке $(x_i,y_i)$. Анни начнет в точке $(0, 0)$, и за один шаг будет перемещаться на одну единицу длины \\textbf{вправо} или \\textbf{вверх} (т.~е. увеличивать свою координату $x$ или $y$ на $1$). Из любой точки $(X,Y)$ в процессе движения она может посадить любое количество кустов в любых точках плоскости, используя свою картофельную пушку. Для посадки одного куста в точку $(x,y)$ требуется $\\max(|X-x|,|Y-y|)$ единиц энергии. Найдите минимальное количество энергии, необходимое для посадки всех кустов картошки.\r\n\r\nОбратите внимание, что Анни может посадить любое количество кустов из любой точки.\r\n","authorLogin":"Dormi","language":"russian","timeLimit":5000,"output":"Выведите минимальное количество энергии, необходимое для посадки всей картошки.","inputFile":"stdin","outputFile":"stdout","input":"Первая строка содержит одно целое число $n$ ($1 \\le n \\le 800\\,000$).\r\n\r\nСледующие $n$ строк содержат по два целых числа $x_i$ и $y_i$ ($0 \\le x_i,y_i \\le 10^9$), определяющие требуемое положение $i$-го куста картошки. Возможно, некоторые кусты картошки требуется посадить в одно и то же место.\r\n","authorName":"Allen Pei","sampleTests":[{"output":"0\r\n","input":"2\r\n1 1\r\n2 2\r\n","inputFile":"example.01","outputFile":"example.01.a"},{"output":"1\r\n","input":"2\r\n1 1\r\n2 0\r\n","inputFile":"example.02","outputFile":"example.02.a"},{"output":"2\r\n","input":"3\r\n5 5\r\n7 7\r\n4 9\r\n","inputFile":"example.03","outputFile":"example.03.a"},{"output":"19\r\n","input":"10\r\n5 1\r\n4 0\r\n9 6\r\n0 2\r\n10 1\r\n9 10\r\n3 10\r\n0 10\r\n8 9\r\n1 5\r\n","inputFile":"example.04","outputFile":"example.04.a"},{"output":"6\r\n","input":"10\r\n1 1\r\n2 2\r\n2 0\r\n4 2\r\n4 0\r\n2 0\r\n0 2\r\n4 0\r\n4 2\r\n5 1\r\n","inputFile":"example.05","outputFile":"example.05.a"}],"name":"Новое начало","interaction":null,"memoryLimit":268435456,"tutorial":""}