{"scoring":null,"notes":"The answer for the first example case is given in the example output, and it can be proven that no grid exists that satisfies the requirements of the second example case. In the third example all cells are initially coloured, and the colouring is valid.","legend":"Today we will be playing a red and white colouring game (no, this is not the Russian Civil War; these are just the colours of the Canadian flag).\r\n\r\nYou are given an $n \\times m$ grid of ``\\texttt{R}'', ``\\texttt{W}'', and ``\\texttt{.}'' characters. ``\\texttt{R}'' is red, ``\\texttt{W}'' is white and ``\\texttt{.}'' is blank. The neighbours of a cell are those that share an edge with it (those that only share a corner do not count).\r\n\r\nYour job is to colour the blank cells red or white so that every red cell only has white neighbours (and no red ones) and every white cell only has red neighbours (and no white ones). You are not allowed to recolour already coloured cells.","authorLogin":"crackersamdjam","language":"english","timeLimit":1500,"output":"For each test case, output ``\\texttt{YES}'' if there is a valid grid or ``\\texttt{NO}'' if there is not.\r\n\r\nIf there is, output the grid on the next $n$ lines. If there are multiple answers, print any.\r\n\r\nIn the output, the ``\\texttt{YES}''s and ``\\texttt{NO}''s are case-insensitive, meaning that outputs such as ``\\texttt{yEs}'' and ``\\texttt{nO}'' are valid. However, \\textbf{the grid is case-sensitive}.","inputFile":"stdin","outputFile":"stdout","input":"The first line contains $t$ ($1 \\le t \\le 100$), the number of test cases.\r\n\r\nIn each test case, the first line will contain $n$ ($1 \\le n \\le 50$) and $m$ ($1 \\le m \\le 50$), the height and width of the grid respectively.\r\n\r\nThe next $n$ lines will contain the grid. Each character of the grid is either `\\t{R}', `\\t{W}', or `\\t{.}'.","authorName":"Eric Pei","sampleTests":[{"output":"YES\r\nWRWRWR\r\nRWRWRW\r\nWRWRWR\r\nRWRWRW\r\nNO\r\nYES\r\nR\r\nW\r\nR\r\nW\r\nR\r\n","input":"3\r\n4 6\r\n.R....\r\n......\r\n......\r\n.W....\r\n4 4\r\n.R.W\r\n....\r\n....\r\n....\r\n5 1\r\nR\r\nW\r\nR\r\nW\r\nR\r\n","inputFile":"example.01","outputFile":"example.01.a"}],"name":"Colour the Flag","interaction":null,"memoryLimit":268435456,"tutorial":"Observe that there are only two valid grids, one where the top left cell is ``\\texttt{R}'' and one where it's ``\\texttt{W}''.  We can just test those two grids and see if they conform with the requirements.\r\n\r\nTime complexity: $\\mathcal{O}(nm)$"}