{"scoring":null,"notes":"Два возможных решенный состояния в примере $1$:\r\n\r\n\\begin{itemize}\r\n\\item $[1,4,2,3]$ в первой строке, и $[3,2,1,4]$ во второй,\r\n\\item $[3,2,1,4]$ в первой строке, и $[1,4,2,3]$ во второй.\r\n\\end{itemize}\r\n","legend":"Во время перерывов в подготовке к Международной олимпиаде школьников по информатике маленький Алан любит решать различные головоломки, чтобы развивать мозги. Сегодня он решает головоломку, которая выглядит как таблица $2 \\times n$, где в каждом ряду записана перестановка чисел $1,2,3,\\ldots,n$.\r\n\r\nЗадача головоломки --- сделать так, чтобы ни в каком ряду и ни в каком столбце не было двух одинаковых чисел (назовем такие состояния решенными), а единственная разрешенная операция --- поменять местами два числа в одном столбце. Когда маленький Алан решил головоломку много раз, он заскучал и начал размышлять, а сколько вообще существует различных решенных состояний в данной головоломке, которые он может получить из некоторого начального \\textbf{решенного} состояния, применяя только разрешенные операции?\r\n\r\nМаленький Алан не справился с этой сложной задачей, поэтому он попросил вас помочь ему. Найдите ответ по модулю $10^9+7$.","authorLogin":"Dormi","language":"russian","timeLimit":2500,"output":"Для каждого набора входных данных выведите одно целое число \"--- количество решенных состояний головоломки, которые можно получить из данного, меняя местами числа в столбцах. Так как ответ может быть большим, выведите его по модулю $10^9+7$.\r\n","inputFile":"stdin","outputFile":"stdout","input":"Во входных данных находятся несколько наборов входных данных. В первой строке находится одно целое число $t$ ($1 \\le t \\le 10^4$) \"--- количество наборов входных данных. Далее следуют наборы входных данных.\r\n\r\nПервая строка набора входных данных содержит целое число $n$ ($2 \\le n \\le 4 \\cdot 10^5$).\r\n\r\nСледующие две строки описывают начальное состояние головоломки. Каждая строка содержит перестановку чисел $1,2,3,\\ldots,n$, и числа в каждом столбце и в каждой строке различны.\r\n\r\nГарантируется, что сумма $n$ по всем наборам входных данных не превосходит $4 \\cdot 10^5$.","authorName":"Allen Pei","sampleTests":[{"output":"2\r\n8\r\n","input":"2\r\n4\r\n1 4 2 3\r\n3 2 1 4\r\n8\r\n2 6 5 1 4 3 7 8\r\n3 8 7 5 1 2 4 6\r\n","inputFile":"example.01","outputFile":"example.01.a"}],"name":"Головоломка маленького Алана","interaction":null,"memoryLimit":268435456,"tutorial":""}