<?xml version="1.0" encoding="utf-8" standalone="no"?>
<problem revision="46" short-name="colour-the-flag" url="https://polygon.codeforces.com/p7Bi0HN/crackersamdjam/colour-the-flag">
        
    <names>
                
        <name language="english" value="Colour the Flag"/>
                
        <name language="russian" value="Покраска флага"/>
            
    </names>
        
    <statements>
                
        <statement charset="UTF-8" language="english" mathjax="true" path="statements/english/problem.tex" type="application/x-tex"/>
                
        <statement charset="UTF-8" language="russian" mathjax="true" path="statements/russian/problem.tex" type="application/x-tex"/>
                
        <statement charset="UTF-8" language="english" mathjax="true" path="statements/.html/english/problem.html" type="text/html"/>
                
        <statement charset="UTF-8" language="russian" mathjax="true" path="statements/.html/russian/problem.html" type="text/html"/>
                
        <statement language="english" path="statements/.pdf/english/problem.pdf" type="application/pdf"/>
                
        <statement language="russian" path="statements/.pdf/russian/problem.pdf" type="application/pdf"/>
            
    </statements>
        
    <tutorials>
                
        <tutorial charset="UTF-8" language="english" mathjax="true" path="statements/english/tutorial.tex" type="application/x-tex"/>
                
        <tutorial charset="UTF-8" language="english" mathjax="true" path="statements/.html/english/tutorial.html" type="text/html"/>
                
        <tutorial language="english" path="statements/.pdf/english/tutorial.pdf" type="application/pdf"/>
            
    </tutorials>
        
    <judging cpu-name="Intel(R) Core(TM) i3-8100 CPU @ 3.60GHz" cpu-speed="3600" input-file="" output-file="">
                
        <testset name="tests">
                        
            <time-limit>1500</time-limit>
                        
            <memory-limit>268435456</memory-limit>
                        
            <test-count>14</test-count>
                        
            <input-path-pattern>tests/%02d</input-path-pattern>
                        
            <answer-path-pattern>tests/%02d.a</answer-path-pattern>
                        
            <tests>
                                
                <test method="manual"/>
                                
                <test cmd="gentree" method="generated"/>
                                
                <test cmd="gentoo" method="generated"/>
                                
                <test cmd="gen 100 50 50 0 10" method="generated"/>
                                
                <test cmd="gen 100 49 49 1 50" method="generated"/>
                                
                <test cmd="gen 100 49 50 1 50" method="generated"/>
                                
                <test cmd="gen 100 50 49 1 50" method="generated"/>
                                
                <test cmd="gen 100 50 50 1 50" method="generated"/>
                                
                <test cmd="gen 100 50 1 1 50" method="generated"/>
                                
                <test cmd="gen 100 1 50 1 50" method="generated"/>
                                
                <test description="Added via external API by 'Plasmatic'. Manual test" method="manual"/>
                                
                <test description="Added via external API by 'Plasmatic'. Manual test" method="manual"/>
                                
                <test description="Added via external API by 'Plasmatic'. Manual test" method="manual"/>
                                
                <test description="Added via external API by 'codeforces'. Manual test" method="manual"/>
                            
            </tests>
                    
        </testset>
                
        <testset name="pretests">
                        
            <time-limit>1500</time-limit>
                        
            <memory-limit>268435456</memory-limit>
                        
            <test-count>2</test-count>
                        
            <input-path-pattern>pretests/%02d</input-path-pattern>
                        
            <answer-path-pattern>pretests/%02d.a</answer-path-pattern>
                        
            <tests>
                                
                <test method="manual" sample="true"/>
                                
                <test cmd="gentree" method="generated"/>
                            
            </tests>
                    
        </testset>
            
    </judging>
        
    <files>
                
        <resources>
                        
            <file path="files/olymp.sty"/>
                        
            <file path="files/problem.tex"/>
                        
            <file path="files/statements.ftl"/>
                        
            <file path="files/testlib.h" type="h.g++"/>
                        
            <file path="files/tutorial.tex"/>
                    
        </resources>
                
        <executables>
                        
            <executable>
                                
                <source path="files/checker.cpp" type="cpp.g++17"/>
                                
                <binary path="files/checker.exe" type="exe.win32"/>
                            
            </executable>
                        
            <executable>
                                
                <source path="files/gen.cpp" type="cpp.g++17"/>
                                
                <binary path="files/gen.exe" type="exe.win32"/>
                            
            </executable>
                        
            <executable>
                                
                <source path="files/gentoo.cpp" type="cpp.g++17"/>
                                
                <binary path="files/gentoo.exe" type="exe.win32"/>
                            
            </executable>
                        
            <executable>
                                
                <source path="files/gentree.cpp" type="cpp.g++17"/>
                                
                <binary path="files/gentree.exe" type="exe.win32"/>
                            
            </executable>
                        
            <executable>
                                
                <source path="files/validator.cpp" type="cpp.g++17"/>
                                
                <binary path="files/validator.exe" type="exe.win32"/>
                            
            </executable>
                    
        </executables>
            
    </files>
        
    <assets>
                
        <checker type="testlib">
                        
            <source path="files/checker.cpp" type="cpp.g++17"/>
                        
            <binary path="check.exe" type="exe.win32"/>
                        
            <copy path="check.cpp" type="cpp.g++17"/>
                        
            <testset>
                                
                <test-count>12</test-count>
                                
                <input-path-pattern>files/tests/checker-tests/%02d</input-path-pattern>
                                
                <output-path-pattern>files/tests/checker-tests/%02d.o</output-path-pattern>
                                
                <answer-path-pattern>files/tests/checker-tests/%02d.a</answer-path-pattern>
                                
                <tests>
                                        
                    <test verdict="ok"/>
                                        
                    <test verdict="wrong-answer"/>
                                        
                    <test verdict="wrong-answer"/>
                                        
                    <test verdict="wrong-answer"/>
                                        
                    <test verdict="wrong-answer"/>
                                        
                    <test verdict="wrong-answer"/>
                                        
                    <test verdict="ok"/>
                                        
                    <test verdict="wrong-answer"/>
                                        
                    <test verdict="wrong-answer"/>
                                        
                    <test verdict="ok"/>
                                        
                    <test verdict="wrong-answer"/>
                                        
                    <test verdict="crashed"/>
                                    
                </tests>
                            
            </testset>
                    
        </checker>
                
        <validators>
                        
            <validator>
                                
                <source path="files/validator.cpp" type="cpp.g++17"/>
                                
                <binary path="files/validator.exe" type="exe.win32"/>
                                
                <testset>
                                        
                    <test-count>7</test-count>
                                        
                    <input-path-pattern>files/tests/validator-tests/%02d</input-path-pattern>
                                        
                    <tests>
                                                
                        <test verdict="valid"/>
                                                
                        <test verdict="invalid"/>
                                                
                        <test verdict="invalid"/>
                                                
                        <test verdict="invalid"/>
                                                
                        <test verdict="invalid"/>
                                                
                        <test verdict="invalid"/>
                                                
                        <test verdict="invalid"/>
                                            
                    </tests>
                                    
                </testset>
                            
            </validator>
                    
        </validators>
                
        <solutions>
                        
            <solution tag="main">
                                
                <source path="solutions/cfroundA.cpp" type="cpp.g++17"/>
                                
                <binary path="solutions/cfroundA.exe" type="exe.win32"/>
                            
            </solution>
                        
            <solution tag="accepted">
                                
                <source path="solutions/dormi.cpp" type="cpp.g++17"/>
                                
                <binary path="solutions/dormi.exe" type="exe.win32"/>
                            
            </solution>
                        
            <solution tag="rejected">
                                
                <source path="solutions/dormi_wa1.cpp" type="cpp.g++17"/>
                                
                <binary path="solutions/dormi_wa1.exe" type="exe.win32"/>
                            
            </solution>
                        
            <solution tag="rejected">
                                
                <source path="solutions/dormi_wa10.cpp" type="cpp.g++17"/>
                                
                <binary path="solutions/dormi_wa10.exe" type="exe.win32"/>
                            
            </solution>
                        
            <solution tag="rejected">
                                
                <source path="solutions/dormi_wa11.cpp" type="cpp.g++17"/>
                                
                <binary path="solutions/dormi_wa11.exe" type="exe.win32"/>
                            
            </solution>
                        
            <solution tag="rejected">
                                
                <source path="solutions/dormi_wa12.cpp" type="cpp.g++17"/>
                                
                <binary path="solutions/dormi_wa12.exe" type="exe.win32"/>
                            
            </solution>
                        
            <solution tag="rejected">
                                
                <source path="solutions/dormi_wa13.cpp" type="cpp.g++17"/>
                                
                <binary path="solutions/dormi_wa13.exe" type="exe.win32"/>
                            
            </solution>
                        
            <solution tag="rejected">
                                
                <source path="solutions/dormi_wa14.cpp" type="cpp.g++17"/>
                                
                <binary path="solutions/dormi_wa14.exe" type="exe.win32"/>
                            
            </solution>
                        
            <solution tag="rejected">
                                
                <source path="solutions/dormi_wa15.cpp" type="cpp.g++17"/>
                                
                <binary path="solutions/dormi_wa15.exe" type="exe.win32"/>
                            
            </solution>
                        
            <solution tag="rejected">
                                
                <source path="solutions/dormi_wa16.cpp" type="cpp.g++17"/>
                                
                <binary path="solutions/dormi_wa16.exe" type="exe.win32"/>
                            
            </solution>
                        
            <solution tag="rejected">
                                
                <source path="solutions/dormi_wa17.cpp" type="cpp.g++17"/>
                                
                <binary path="solutions/dormi_wa17.exe" type="exe.win32"/>
                            
            </solution>
                        
            <solution tag="rejected">
                                
                <source path="solutions/dormi_wa18.cpp" type="cpp.g++17"/>
                                
                <binary path="solutions/dormi_wa18.exe" type="exe.win32"/>
                            
            </solution>
                        
            <solution tag="rejected">
                                
                <source path="solutions/dormi_wa19.cpp" type="cpp.g++17"/>
                                
                <binary path="solutions/dormi_wa19.exe" type="exe.win32"/>
                            
            </solution>
                        
            <solution tag="rejected">
                                
                <source path="solutions/dormi_wa2.cpp" type="cpp.g++17"/>
                                
                <binary path="solutions/dormi_wa2.exe" type="exe.win32"/>
                            
            </solution>
                        
            <solution tag="rejected">
                                
                <source path="solutions/dormi_wa3.cpp" type="cpp.g++17"/>
                                
                <binary path="solutions/dormi_wa3.exe" type="exe.win32"/>
                            
            </solution>
                        
            <solution tag="rejected">
                                
                <source path="solutions/dormi_wa4.cpp" type="cpp.g++17"/>
                                
                <binary path="solutions/dormi_wa4.exe" type="exe.win32"/>
                            
            </solution>
                        
            <solution tag="rejected">
                                
                <source path="solutions/dormi_wa5.cpp" type="cpp.g++17"/>
                                
                <binary path="solutions/dormi_wa5.exe" type="exe.win32"/>
                            
            </solution>
                        
            <solution tag="rejected">
                                
                <source path="solutions/dormi_wa6.cpp" type="cpp.g++17"/>
                                
                <binary path="solutions/dormi_wa6.exe" type="exe.win32"/>
                            
            </solution>
                        
            <solution tag="rejected">
                                
                <source path="solutions/dormi_wa7.cpp" type="cpp.g++17"/>
                                
                <binary path="solutions/dormi_wa7.exe" type="exe.win32"/>
                            
            </solution>
                        
            <solution tag="rejected">
                                
                <source path="solutions/dormi_wa8.cpp" type="cpp.g++17"/>
                                
                <binary path="solutions/dormi_wa8.exe" type="exe.win32"/>
                            
            </solution>
                        
            <solution tag="rejected">
                                
                <source path="solutions/dormi_wa9.cpp" type="cpp.g++17"/>
                                
                <binary path="solutions/dormi_wa9.exe" type="exe.win32"/>
                            
            </solution>
                        
            <solution tag="accepted">
                                
                <source path="solutions/dormijava.java" type="java11"/>
                                
                <binary path="solutions/dormijava.jar" type="jar"/>
                            
            </solution>
                        
            <solution tag="accepted">
                                
                <source path="solutions/dormipython.py" type="python.3"/>
                                
                <binary path="solutions/dormipython.pys3" type="pythonx.3"/>
                            
            </solution>
                        
            <solution tag="accepted">
                                
                <source path="solutions/sol.cpp" type="cpp.g++17"/>
                                
                <binary path="solutions/sol.exe" type="exe.win32"/>
                            
            </solution>
                    
        </solutions>
            
    </assets>
        
    <properties>
                
        <property name="tests-wellformed" value="true"/>
            
    </properties>
        
    <stresses>
                
        <stress-count>0</stress-count>
                
        <stress-path-pattern>stresses/%03d</stress-path-pattern>
                
        <list/>
            
    </stresses>
        
    <tags>
                
        <tag value="implementation"/>
            
    </tags>
    
</problem>
