{"scoring":null,"notes":"In example $1$, Annie can travel to each spot directly and plant a potato with no energy required.\r\n\r\nIn example $2$, moving to $(1,0)$, Annie plants the second potato using $1$ energy. Next, she travels to $(1,1)$ and plants the first potato with $0$ energy.","legend":"Annie has gotten bored of winning every coding contest and farming unlimited rating. Today, she is going to farm potatoes instead.\r\n\r\nAnnie's garden is an infinite 2D plane.  She has $n$ potatoes to plant, and the $i$-th potato must be planted at $(x_i,y_i)$. Starting at the point $(0, 0)$, Annie begins walking, in one step she can travel one unit \\textbf{right} or \\textbf{up} (increasing her $x$ or $y$ coordinate by $1$ respectively). At any point $(X,Y)$ during her walk she can plant some potatoes at arbitrary points using her potato gun, consuming $\\max(|X-x|,|Y-y|)$ units of energy in order to plant a potato at $(x,y)$. Find the minimum total energy required to plant every potato.\r\n\r\nNote that Annie may plant any number of potatoes from any point.\r\n","authorLogin":"Dormi","language":"english","timeLimit":5000,"output":"Print the minimum total energy to plant all potatoes.","inputFile":"stdin","outputFile":"stdout","input":"The first line contains the integer $n$ ($1 \\le n \\le 800\\,000$).\r\n\r\nThe next $n$ lines contain two integers $x_i$ and $y_i$ ($0 \\le x_i,y_i \\le 10^9$), representing the location of the $i$-th potato. It is possible that some potatoes should be planted in the same location.\r\n","authorName":"Allen Pei","sampleTests":[{"output":"0\r\n","input":"2\r\n1 1\r\n2 2\r\n","inputFile":"example.01","outputFile":"example.01.a"},{"output":"1\r\n","input":"2\r\n1 1\r\n2 0\r\n","inputFile":"example.02","outputFile":"example.02.a"},{"output":"2\r\n","input":"3\r\n5 5\r\n7 7\r\n4 9\r\n","inputFile":"example.03","outputFile":"example.03.a"},{"output":"19\r\n","input":"10\r\n5 1\r\n4 0\r\n9 6\r\n0 2\r\n10 1\r\n9 10\r\n3 10\r\n0 10\r\n8 9\r\n1 5\r\n","inputFile":"example.04","outputFile":"example.04.a"},{"output":"6\r\n","input":"10\r\n1 1\r\n2 2\r\n2 0\r\n4 2\r\n4 0\r\n2 0\r\n0 2\r\n4 0\r\n4 2\r\n5 1\r\n","inputFile":"example.05","outputFile":"example.05.a"}],"name":"A New Beginning","interaction":null,"memoryLimit":268435456,"tutorial":"Observe that for any point $(x,y)$ and some path $A$, the minimum distance from $A$ to $(x,y)$ will occur on the intersection of $A$ and the antidiagonal of $(x,y)$. Here the antidiagonal is defined as a line $y=-x+c$. \r\n\r\nProof:\r\n\r\nAssume $(a,b)$ is the intersection of $A$ and the antidiagonal of $(x,y)$. If $(a,b) = (x,y)$, this distance is obviously minimal as it is equal to 0. \r\n\r\nNow consider the case where $(a,b) \\neq (x,y)$. As a result of $(a,b)$ being on the antidiagonal, two properties will be true:\r\n\\begin{itemize}\r\n\r\n\\item $|x-a| = |y-b|$.\r\n\\item Either $a > x$ and $b < y$ or $a < x$ and $b > y$.\r\n\r\n\\end{itemize}\r\nWithout loss of generality, assume $a < x$ and $b > y$. \r\n\r\nWhen you move forward on the path, increasing $b$ will only make $|y-b|$ larger. Thus, no matter how you change $a$, $\\max(|x-a|,|y-b|)$ will always increase or stay the same. \r\n\r\nWhen you move backward on the path, decreasing $a$ will only make $|x-a|$ larger. Thus, no matter how you change $b$, $\\max(|x-a|,|y-b|)$ will always increase or stay the same. \r\n\r\nThus, the shortest distance will always occur at $(a,b)$.\r\n\r\n\r\nNow we rotate the grid $45$ degrees clockwise so that the antidiagonals are now vertical lines on the new grid. Your movements on the grid now go from $(x,y)$ to $(x+1,y+1)$ or $(x+1,y-1)$. Furthermore, it is now optimal to plant a potato when you are on the same x coordinate as the potato. When you are at $(x,a)$, planting a potato at $(x,b)$ costs $\\frac{|a-b|}{2}$. \r\n\r\nFrom here we can observe a slow dp. Define $dp[x][y]$ as the minimum cost of any path that goes from $(0,0)$ to $(x,y)$ and plant all potatoes $(a,b)$ such that $a \\leq x$. Note: this function is only defined for when $x$ and $y$ have the same parity. This is as a point $(x,y)$ in the old grid translates to $(x+y,x-y)$ in the new grid and $x+y$ has the same parity as $x-y$. For speed, we also only calculate $dp[x][y]$ when there is a potato with a x-coordinate of $x$.\r\n\r\nThe transition is then established as $dp[x][y] = (\\min{dp[a][b]} \\forall y-(x-a) \\leq b \\leq y+(x-a)) + (\\sum{\\frac{|y-z|}{2}} \\forall potatoes (x,z))$, where $a$ is the last x-coordinate containing a potato.\r\n\r\nThis runs in $\\mathcal{O}(n \\cdot 10^9)$.\r\n\r\nThis dp can then be optimized using slope trick. If you are not familiar with slope trick, we recommend learning it first at \\href{https://codeforces.com/blog/entry/77298}{Slope trick explained} and \\href{https://codeforces.com/blog/entry/47821}{[Tutorial] Slope Trick}. \r\n\r\nInstead of maintaining a $2$ dimensional array, we can maintain functions $f_x$ where $f_x(y) = dp[x][y]$. To transition from $f_i$ to $f_j$, we first set $f_i(a) = \\min{f_i(b)} \\forall a-(j-i) \\leq b \\leq a+(j-i)$. This can be done by maintaining the center/minimum of the slope trick function and then offsetting all values in the left priority queue by $-(j-i)$ and offsetting all values in the right priority queue by $j-i$. \r\n\r\nFinally, we have to add the costs of the potatoes. Each of the potatoes $(x,y)$ is just a function $g$ such that $g(a) = \\frac{|y-a|}{2}$. These functions can then be added onto $f_i$ finishing the conversion to $f_j$. The final answer is then the minimum of the last function.\r\n\r\nFinal Complexity: $\\mathcal{O}(n \\log n)$.\r\n"}