{"scoring":null,"notes":"The two possible puzzle configurations for example $1$ are:\r\n\r\n\\begin{itemize}\r\n\\item $[1,4,2,3]$ in the first row and $[3,2,1,4]$ in the second;\r\n\\item $[3,2,1,4]$ in the first row and $[1,4,2,3]$ in the second.\r\n\\end{itemize}\r\n","legend":"When he's not training for IOI, Little Alawn enjoys playing with puzzles of various types to stimulate his brain.  Today, he's playing with a puzzle that consists of a $2 \\times n$ grid where each row is a permutation of the numbers $1,2,3,\\ldots,n$.\r\n\r\nThe goal of Little Alawn's puzzle is to make sure no numbers on the same column or row are the same (we'll call this state of the puzzle as solved), and to achieve this he is able to swap the numbers in any column.  However, after solving the puzzle many times, Little Alawn got bored and began wondering about the number of possible solved configurations of the puzzle he could achieve from an initial \\textbf{solved} configuration only by swapping numbers in a column.\r\n\r\nUnfortunately, Little Alawn got stuck while trying to solve this harder problem, so he was wondering if you could help him with it. Find the answer modulo $10^9+7$.","authorLogin":"Dormi","language":"english","timeLimit":2500,"output":"For each test case output a single integer, the number of possible solved configurations of the puzzle Little Alawn can achieve from an initial solved configuration only by swapping numbers in a column.  As the answer can be very large, please output it modulo $10^9+7$.\r\n\r\nThe answer for each test case should be on a separate line.","inputFile":"stdin","outputFile":"stdout","input":"Each test contains multiple test cases. The first line contains the number of test cases $t$ ($1 \\le t \\le 10^4$). Description of the test cases follows.\r\n\r\nThe first line of each test case contains a single integer $n$ ($2 \\le n \\le 4 \\cdot 10^5$).\r\n\r\nThe next two lines of each test case describe the initial state of the puzzle grid.  Each line will be a permutation of the numbers $1,2,3,\\ldots,n$ and the numbers in each column and row will be pairwise distinct.\r\n\r\nIt is guaranteed that the sum of $n$ over all test cases does not exceed $4 \\cdot 10^5$.","authorName":"Allen Pei","sampleTests":[{"output":"2\r\n8\r\n","input":"2\r\n4\r\n1 4 2 3\r\n3 2 1 4\r\n8\r\n2 6 5 1 4 3 7 8\r\n3 8 7 5 1 2 4 6\r\n","inputFile":"example.01","outputFile":"example.01.a"}],"name":"Little Alawn's Puzzle","interaction":null,"memoryLimit":268435456,"tutorial":"Define the ``direction'' of a column as the orientation of its numbers.  Swapping the numbers in a column will flip its direction.\r\n\r\nLet's create a simple, undirected graph where the nodes are the $n$ columns on the puzzle and we draw one edge connecting it to the $2$ other columns that share a number with it.  Notice that the degree of every node in this graph is $2$, so the graph must be made of some number of disjoint simple cycles.\r\n\r\nNow consider any component in the graph.  If we fix the direction of any of the columns in the component, that will fix the direction of the columns adjacent to it, and so on until the direction of every column in the component has been fixed (also note that as the component is a simple cycle, we will never get a contradiction).  As there are $2$ possible directions for any column, there are thus $2$ ways to direct the columns in this component.\r\n\r\nLastly, notice that the columns in each component are independent, so the answer is simply $2^k$, where $k$ is the number of components in our graph.\r\n\r\nTime Complexity: $\\mathcal{O}(n)$ with DFS"}