<?xml version="1.0" encoding="utf-8" standalone="no"?>
<problem revision="53" short-name="wicshh" url="https://polygon.codeforces.com/p3Dtjnb/Dormi/wicshh">
        
    <names>
                
        <name language="english" value="A New Beginning"/>
                
        <name language="russian" value="Новое начало"/>
            
    </names>
        
    <statements>
                
        <statement charset="UTF-8" language="english" mathjax="true" path="statements/english/problem.tex" type="application/x-tex"/>
                
        <statement charset="UTF-8" language="russian" mathjax="true" path="statements/russian/problem.tex" type="application/x-tex"/>
                
        <statement charset="UTF-8" language="english" mathjax="true" path="statements/.html/english/problem.html" type="text/html"/>
                
        <statement charset="UTF-8" language="russian" mathjax="true" path="statements/.html/russian/problem.html" type="text/html"/>
                
        <statement language="english" path="statements/.pdf/english/problem.pdf" type="application/pdf"/>
                
        <statement language="russian" path="statements/.pdf/russian/problem.pdf" type="application/pdf"/>
            
    </statements>
        
    <tutorials>
                
        <tutorial charset="UTF-8" language="english" mathjax="true" path="statements/english/tutorial.tex" type="application/x-tex"/>
                
        <tutorial charset="UTF-8" language="english" mathjax="true" path="statements/.html/english/tutorial.html" type="text/html"/>
            
    </tutorials>
        
    <judging cpu-name="Intel(R) Core(TM) i3-8100 CPU @ 3.60GHz" cpu-speed="3600" input-file="" output-file="">
                
        <testset name="tests">
                        
            <time-limit>5000</time-limit>
                        
            <memory-limit>268435456</memory-limit>
                        
            <test-count>242</test-count>
                        
            <input-path-pattern>tests/%02d</input-path-pattern>
                        
            <answer-path-pattern>tests/%02d.a</answer-path-pattern>
                        
            <tests>
                                
                <test description="File &quot;in0-1.txt&quot;" method="manual"/>
                                
                <test description="File &quot;in0-2.txt&quot;" method="manual"/>
                                
                <test description="File &quot;in0-3.txt&quot;" method="manual"/>
                                
                <test description="File &quot;in1-1.txt&quot;" method="manual"/>
                                
                <test method="manual"/>
                                
                <test description="File &quot;in0-9.txt&quot;" method="manual"/>
                                
                <test description="Archive &quot;wicshh.zip&quot;; file &quot;in0-4.txt&quot;" method="manual"/>
                                
                <test description="Archive &quot;wicshh.zip&quot;; file &quot;in0-5.txt&quot;" method="manual"/>
                                
                <test description="Archive &quot;wicshh.zip&quot;; file &quot;in0-6.txt&quot;" method="manual"/>
                                
                <test description="Archive &quot;wicshh.zip&quot;; file &quot;in0-7.txt&quot;" method="manual"/>
                                
                <test description="Archive &quot;wicshh.zip&quot;; file &quot;in0-8.txt&quot;" method="manual"/>
                                
                <test description="File &quot;in1-2.txt&quot;" method="manual"/>
                                
                <test cmd="gen 800000 10" method="generated"/>
                                
                <test cmd="gen 800000 100" method="generated"/>
                                
                <test cmd="gen 800000 1000000000" method="generated"/>
                                
                <test cmd="gen 713891 1000000000" method="generated"/>
                                
                <test cmd="gen 59471 1000000000" method="generated"/>
                                
                <test cmd="gen 12949 1000000000" method="generated"/>
                                
                <test cmd="gen_filled 894" method="generated"/>
                                
                <test cmd="gen_cross 800000 1000 1 1" method="generated"/>
                                
                <test cmd="gen_cross 800000 100000 1 1" method="generated"/>
                                
                <test cmd="gen_cross 800000 1000000000 1 1" method="generated"/>
                                
                <test cmd="gen_few_xy 800000 1000000000 0 1 0" method="generated"/>
                                
                <test cmd="gen_few_xy 800000 1000000000 0 1 1" method="generated"/>
                                
                <test cmd="gen_few_xy 800000 1000000000 0 2 0" method="generated"/>
                                
                <test cmd="gen_few_xy 800000 1000000000 0 2 1" method="generated"/>
                                
                <test cmd="gen_few_xy 800000 1000000000 0 5 0" method="generated"/>
                                
                <test cmd="gen_few_xy 800000 1000000000 0 5 1" method="generated"/>
                                
                <test cmd="gen_few_xy 800000 1000000000 0 50 0" method="generated"/>
                                
                <test cmd="gen_few_xy 800000 1000000000 0 50 1" method="generated"/>
                                
                <test cmd="gen_few_xy 800000 1000000000 1 5 0" method="generated"/>
                                
                <test cmd="gen_few_xy 800000 1000000000 1 5 1" method="generated"/>
                                
                <test cmd="gen_few_diag 800000 1000 0 5 0" method="generated"/>
                                
                <test cmd="gen_few_diag 800000 1000 1 5 0" method="generated"/>
                                
                <test cmd="gen_few_diag 800000 1000000000 0 1 0" method="generated"/>
                                
                <test cmd="gen_few_diag 800000 1000000000 0 1 1" method="generated"/>
                                
                <test cmd="gen_few_diag 800000 1000000000 0 2 0" method="generated"/>
                                
                <test cmd="gen_few_diag 800000 1000000000 0 2 1" method="generated"/>
                                
                <test cmd="gen_few_diag 800000 1000000000 0 5 0" method="generated"/>
                                
                <test cmd="gen_few_diag 800000 1000000000 0 5 1" method="generated"/>
                                
                <test cmd="gen_few_diag 800000 1000000000 0 50 0" method="generated"/>
                                
                <test cmd="gen_few_diag 800000 1000000000 0 50 1" method="generated"/>
                                
                <test cmd="gen_few_diag 800000 1000000000 0 1000 0" method="generated"/>
                                
                <test cmd="gen_few_diag 800000 1000000000 0 1000 1" method="generated"/>
                                
                <test cmd="gen_few_diag 800000 1000000000 0 100000 0" method="generated"/>
                                
                <test cmd="gen_few_diag 800000 1000000000 0 100000 1" method="generated"/>
                                
                <test cmd="gen_few_diag 800000 1000000000 1 1 0" method="generated"/>
                                
                <test cmd="gen_few_diag 800000 1000000000 1 1 1" method="generated"/>
                                
                <test cmd="gen_few_diag 800000 1000000000 1 2 0" method="generated"/>
                                
                <test cmd="gen_few_diag 800000 1000000000 1 2 1" method="generated"/>
                                
                <test cmd="gen_few_diag 800000 1000000000 1 5 0" method="generated"/>
                                
                <test cmd="gen_few_diag 800000 1000000000 1 5 1" method="generated"/>
                                
                <test cmd="gen_few_diag 800000 1000000000 1 50 0" method="generated"/>
                                
                <test cmd="gen_few_diag 800000 1000000000 1 50 1" method="generated"/>
                                
                <test cmd="gen_few_diag 800000 1000000000 1 1000 0" method="generated"/>
                                
                <test cmd="gen_few_diag 800000 1000000000 1 1000 1" method="generated"/>
                                
                <test cmd="gen_few_diag 800000 1000000000 1 100000 0" method="generated"/>
                                
                <test cmd="gen_few_diag 800000 1000000000 1 100000 1" method="generated"/>
                                
                <test cmd="gen_dupe 800000 1000000000 1 0" method="generated"/>
                                
                <test cmd="gen_dupe 800000 1000000000 1 1" method="generated"/>
                                
                <test cmd="gen_dupe 800000 1000000000 97 3" method="generated"/>
                                
                <test cmd="gen_dupe 800000 1000000000 2 8" method="generated"/>
                                
                <test cmd="gen_dupe 800000 1000000000 8 2" method="generated"/>
                                
                <test cmd="gen_cluster 800000 1000000000 1 1" method="generated"/>
                                
                <test cmd="gen_cluster 800000 1000000000 1 50" method="generated"/>
                                
                <test cmd="gen_cluster 800000 1000000000 2 1" method="generated"/>
                                
                <test cmd="gen_cluster 800000 1000000000 2 10" method="generated"/>
                                
                <test cmd="gen_cluster 800000 1000000000 2 50" method="generated"/>
                                
                <test cmd="gen_cluster 800000 1000000000 5 1" method="generated"/>
                                
                <test cmd="gen_cluster 800000 1000000000 5 10" method="generated"/>
                                
                <test cmd="gen_cluster 800000 1000000000 5 50" method="generated"/>
                                
                <test cmd="gen_cluster 800000 1000000000 50 1" method="generated"/>
                                
                <test cmd="gen_cluster 800000 1000000000 50 10" method="generated"/>
                                
                <test cmd="gen_cluster 800000 1000000000 50 50" method="generated"/>
                                
                <test cmd="gen_cluster 800000 1000000000 1000 1" method="generated"/>
                                
                <test cmd="gen_cluster 800000 1000000000 1000 10" method="generated"/>
                                
                <test cmd="gen_filled 10" method="generated"/>
                                
                <test cmd="gen_filled 100" method="generated"/>
                                
                <test cmd="gen_filled 500" method="generated"/>
                                
                <test cmd="gen 800000 10000" method="generated"/>
                                
                <test cmd="gen 800000 10000000" method="generated"/>
                                
                <test cmd="gen 809 1000000000" method="generated"/>
                                
                <test cmd="gen 4 1000000000" method="generated"/>
                                
                <test cmd="gen_few_xy 800000 1000 0 1 0" method="generated"/>
                                
                <test cmd="gen_few_xy 800000 1000 0 1 1" method="generated"/>
                                
                <test cmd="gen_few_xy 800000 1000 0 2 0" method="generated"/>
                                
                <test cmd="gen_few_xy 800000 1000 0 2 1" method="generated"/>
                                
                <test cmd="gen_few_xy 800000 1000 0 5 0" method="generated"/>
                                
                <test cmd="gen_few_xy 800000 1000 0 5 1" method="generated"/>
                                
                <test cmd="gen_few_xy 800000 1000 0 50 0" method="generated"/>
                                
                <test cmd="gen_few_xy 800000 1000 0 50 1" method="generated"/>
                                
                <test cmd="gen_few_xy 800000 1000 1 1 0" method="generated"/>
                                
                <test cmd="gen_few_xy 800000 1000 1 1 1" method="generated"/>
                                
                <test cmd="gen_few_xy 800000 1000 1 2 0" method="generated"/>
                                
                <test cmd="gen_few_xy 800000 1000 1 2 1" method="generated"/>
                                
                <test cmd="gen_few_xy 800000 1000 1 5 0" method="generated"/>
                                
                <test cmd="gen_few_xy 800000 1000 1 5 1" method="generated"/>
                                
                <test cmd="gen_few_xy 800000 1000 1 50 0" method="generated"/>
                                
                <test cmd="gen_few_xy 800000 1000 1 50 1" method="generated"/>
                                
                <test cmd="gen_few_xy 800000 100000 0 1 0" method="generated"/>
                                
                <test cmd="gen_few_xy 800000 100000 0 1 1" method="generated"/>
                                
                <test cmd="gen_few_xy 800000 100000 0 2 0" method="generated"/>
                                
                <test cmd="gen_few_xy 800000 100000 0 2 1" method="generated"/>
                                
                <test cmd="gen_few_xy 800000 100000 0 5 0" method="generated"/>
                                
                <test cmd="gen_few_xy 800000 100000 0 5 1" method="generated"/>
                                
                <test cmd="gen_few_xy 800000 100000 0 50 0" method="generated"/>
                                
                <test cmd="gen_few_xy 800000 100000 0 50 1" method="generated"/>
                                
                <test cmd="gen_few_xy 800000 100000 1 1 0" method="generated"/>
                                
                <test cmd="gen_few_xy 800000 100000 1 1 1" method="generated"/>
                                
                <test cmd="gen_few_xy 800000 100000 1 2 0" method="generated"/>
                                
                <test cmd="gen_few_xy 800000 100000 1 2 1" method="generated"/>
                                
                <test cmd="gen_few_xy 800000 100000 1 5 0" method="generated"/>
                                
                <test cmd="gen_few_xy 800000 100000 1 5 1" method="generated"/>
                                
                <test cmd="gen_few_xy 800000 100000 1 50 0" method="generated"/>
                                
                <test cmd="gen_few_xy 800000 100000 1 50 1" method="generated"/>
                                
                <test cmd="gen_few_xy 800000 1000000000 1 1 0" method="generated"/>
                                
                <test cmd="gen_few_xy 800000 1000000000 1 1 1" method="generated"/>
                                
                <test cmd="gen_few_xy 800000 1000000000 1 2 0" method="generated"/>
                                
                <test cmd="gen_few_xy 800000 1000000000 1 2 1" method="generated"/>
                                
                <test cmd="gen_few_xy 800000 1000000000 1 50 0" method="generated"/>
                                
                <test cmd="gen_few_xy 800000 1000000000 1 50 1" method="generated"/>
                                
                <test cmd="gen_few_diag 800000 1000 0 1 0" method="generated"/>
                                
                <test cmd="gen_few_diag 800000 1000 0 1 1" method="generated"/>
                                
                <test cmd="gen_few_diag 800000 1000 0 2 0" method="generated"/>
                                
                <test cmd="gen_few_diag 800000 1000 0 2 1" method="generated"/>
                                
                <test cmd="gen_few_diag 800000 1000 0 5 1" method="generated"/>
                                
                <test cmd="gen_few_diag 800000 1000 0 50 0" method="generated"/>
                                
                <test cmd="gen_few_diag 800000 1000 0 50 1" method="generated"/>
                                
                <test cmd="gen_few_diag 800000 1000 1 1 0" method="generated"/>
                                
                <test cmd="gen_few_diag 800000 1000 1 1 1" method="generated"/>
                                
                <test cmd="gen_few_diag 800000 1000 1 2 0" method="generated"/>
                                
                <test cmd="gen_few_diag 800000 1000 1 2 1" method="generated"/>
                                
                <test cmd="gen_few_diag 800000 1000 1 5 1" method="generated"/>
                                
                <test cmd="gen_few_diag 800000 1000 1 50 0" method="generated"/>
                                
                <test cmd="gen_few_diag 800000 1000 1 50 1" method="generated"/>
                                
                <test cmd="gen_few_diag 800000 1000 0 1000 0" method="generated"/>
                                
                <test cmd="gen_few_diag 800000 1000 0 1000 1" method="generated"/>
                                
                <test cmd="gen_few_diag 800000 1000 0 100000 0" method="generated"/>
                                
                <test cmd="gen_few_diag 800000 1000 0 100000 1" method="generated"/>
                                
                <test cmd="gen_few_diag 800000 1000 1 1000 0" method="generated"/>
                                
                <test cmd="gen_few_diag 800000 1000 1 1000 1" method="generated"/>
                                
                <test cmd="gen_few_diag 800000 1000 1 100000 0" method="generated"/>
                                
                <test cmd="gen_few_diag 800000 1000 1 100000 1" method="generated"/>
                                
                <test cmd="gen_few_diag 800000 100000 0 1 0" method="generated"/>
                                
                <test cmd="gen_few_diag 800000 100000 0 1 1" method="generated"/>
                                
                <test cmd="gen_few_diag 800000 100000 0 2 0" method="generated"/>
                                
                <test cmd="gen_few_diag 800000 100000 0 2 1" method="generated"/>
                                
                <test cmd="gen_few_diag 800000 100000 0 5 0" method="generated"/>
                                
                <test cmd="gen_few_diag 800000 100000 0 5 1" method="generated"/>
                                
                <test cmd="gen_few_diag 800000 100000 0 50 0" method="generated"/>
                                
                <test cmd="gen_few_diag 800000 100000 0 50 1" method="generated"/>
                                
                <test cmd="gen_few_diag 800000 100000 0 1000 0" method="generated"/>
                                
                <test cmd="gen_few_diag 800000 100000 0 1000 1" method="generated"/>
                                
                <test cmd="gen_few_diag 800000 100000 0 100000 0" method="generated"/>
                                
                <test cmd="gen_few_diag 800000 100000 0 100000 1" method="generated"/>
                                
                <test cmd="gen_few_diag 800000 100000 1 1 0" method="generated"/>
                                
                <test cmd="gen_few_diag 800000 100000 1 1 1" method="generated"/>
                                
                <test cmd="gen_few_diag 800000 100000 1 2 0" method="generated"/>
                                
                <test cmd="gen_few_diag 800000 100000 1 2 1" method="generated"/>
                                
                <test cmd="gen_few_diag 800000 100000 1 5 0" method="generated"/>
                                
                <test cmd="gen_few_diag 800000 100000 1 5 1" method="generated"/>
                                
                <test cmd="gen_few_diag 800000 100000 1 50 0" method="generated"/>
                                
                <test cmd="gen_few_diag 800000 100000 1 50 1" method="generated"/>
                                
                <test cmd="gen_few_diag 800000 100000 1 1000 0" method="generated"/>
                                
                <test cmd="gen_few_diag 800000 100000 1 1000 1" method="generated"/>
                                
                <test cmd="gen_few_diag 800000 100000 1 100000 0" method="generated"/>
                                
                <test cmd="gen_few_diag 800000 100000 1 100000 1" method="generated"/>
                                
                <test cmd="gen_dupe 800000 1000 1 0" method="generated"/>
                                
                <test cmd="gen_dupe 800000 1000 0 1" method="generated"/>
                                
                <test cmd="gen_dupe 800000 1000 1 1" method="generated"/>
                                
                <test cmd="gen_dupe 800000 1000 3 97" method="generated"/>
                                
                <test cmd="gen_dupe 800000 1000 97 3" method="generated"/>
                                
                <test cmd="gen_dupe 800000 1000 2 8" method="generated"/>
                                
                <test cmd="gen_dupe 800000 1000 8 2" method="generated"/>
                                
                <test cmd="gen_dupe 800000 100000 1 0" method="generated"/>
                                
                <test cmd="gen_dupe 800000 100000 0 1" method="generated"/>
                                
                <test cmd="gen_dupe 800000 100000 1 1" method="generated"/>
                                
                <test cmd="gen_dupe 800000 100000 3 97" method="generated"/>
                                
                <test cmd="gen_dupe 800000 100000 97 3" method="generated"/>
                                
                <test cmd="gen_dupe 800000 100000 2 8" method="generated"/>
                                
                <test cmd="gen_dupe 800000 100000 8 2" method="generated"/>
                                
                <test cmd="gen_dupe 800000 1000000000 0 1" method="generated"/>
                                
                <test cmd="gen_dupe 800000 1000000000 3 97" method="generated"/>
                                
                <test cmd="gen_cluster 800000 1000 1 1" method="generated"/>
                                
                <test cmd="gen_cluster 800000 1000 1 10" method="generated"/>
                                
                <test cmd="gen_cluster 800000 1000 1 25" method="generated"/>
                                
                <test cmd="gen_cluster 800000 1000 1 50" method="generated"/>
                                
                <test cmd="gen_cluster 800000 1000 2 1" method="generated"/>
                                
                <test cmd="gen_cluster 800000 1000 2 10" method="generated"/>
                                
                <test cmd="gen_cluster 800000 1000 2 25" method="generated"/>
                                
                <test cmd="gen_cluster 800000 1000 2 50" method="generated"/>
                                
                <test cmd="gen_cluster 800000 1000 5 1" method="generated"/>
                                
                <test cmd="gen_cluster 800000 1000 5 10" method="generated"/>
                                
                <test cmd="gen_cluster 800000 1000 5 25" method="generated"/>
                                
                <test cmd="gen_cluster 800000 1000 5 50" method="generated"/>
                                
                <test cmd="gen_cluster 800000 1000 50 1" method="generated"/>
                                
                <test cmd="gen_cluster 800000 1000 50 10" method="generated"/>
                                
                <test cmd="gen_cluster 800000 1000 50 25" method="generated"/>
                                
                <test cmd="gen_cluster 800000 1000 50 50" method="generated"/>
                                
                <test cmd="gen_cluster 800000 1000 1000 1" method="generated"/>
                                
                <test cmd="gen_cluster 800000 1000 1000 10" method="generated"/>
                                
                <test cmd="gen_cluster 800000 1000 1000 25" method="generated"/>
                                
                <test cmd="gen_cluster 800000 1000 1000 50" method="generated"/>
                                
                <test cmd="gen_cluster 800000 100000 1 1" method="generated"/>
                                
                <test cmd="gen_cluster 800000 100000 1 10" method="generated"/>
                                
                <test cmd="gen_cluster 800000 100000 1 25" method="generated"/>
                                
                <test cmd="gen_cluster 800000 100000 1 50" method="generated"/>
                                
                <test cmd="gen_cluster 800000 100000 2 1" method="generated"/>
                                
                <test cmd="gen_cluster 800000 100000 2 10" method="generated"/>
                                
                <test cmd="gen_cluster 800000 100000 2 25" method="generated"/>
                                
                <test cmd="gen_cluster 800000 100000 2 50" method="generated"/>
                                
                <test cmd="gen_cluster 800000 100000 5 1" method="generated"/>
                                
                <test cmd="gen_cluster 800000 100000 5 10" method="generated"/>
                                
                <test cmd="gen_cluster 800000 100000 5 25" method="generated"/>
                                
                <test cmd="gen_cluster 800000 100000 5 50" method="generated"/>
                                
                <test cmd="gen_cluster 800000 100000 50 1" method="generated"/>
                                
                <test cmd="gen_cluster 800000 100000 50 10" method="generated"/>
                                
                <test cmd="gen_cluster 800000 100000 50 25" method="generated"/>
                                
                <test cmd="gen_cluster 800000 100000 50 50" method="generated"/>
                                
                <test cmd="gen_cluster 800000 100000 1000 1" method="generated"/>
                                
                <test cmd="gen_cluster 800000 100000 1000 10" method="generated"/>
                                
                <test cmd="gen_cluster 800000 100000 1000 25" method="generated"/>
                                
                <test cmd="gen_cluster 800000 100000 1000 50" method="generated"/>
                                
                <test cmd="gen_cluster 800000 1000000000 1 10" method="generated"/>
                                
                <test cmd="gen_cluster 800000 1000000000 1 25" method="generated"/>
                                
                <test cmd="gen_cluster 800000 1000000000 2 25" method="generated"/>
                                
                <test cmd="gen_cluster 800000 1000000000 5 25" method="generated"/>
                                
                <test cmd="gen_cluster 800000 1000000000 50 25" method="generated"/>
                                
                <test cmd="gen_cluster 800000 1000000000 1000 25" method="generated"/>
                                
                <test cmd="gen_cluster 800000 1000000000 1000 50" method="generated"/>
                                
                <test description="File &quot;in1-3.txt&quot;" method="manual"/>
                                
                <test description="File &quot;in1-4.txt&quot;" method="manual"/>
                                
                <test description="File &quot;in1-5.txt&quot;" method="manual"/>
                                
                <test description="File &quot;in1-6.txt&quot;" method="manual"/>
                                
                <test description="File &quot;in1-7.txt&quot;" method="manual"/>
                                
                <test description="File &quot;in0-10.txt&quot;" method="manual"/>
                                
                <test description="File &quot;in0-11.txt&quot;" method="manual"/>
                                
                <test description="File &quot;in0-12.txt&quot;" method="manual"/>
                                
                <test description="File &quot;in0-13.txt&quot;" method="manual"/>
                                
                <test description="File &quot;in0-14.txt&quot;" method="manual"/>
                                
                <test description="File &quot;in0-15.txt&quot;" method="manual"/>
                                
                <test description="File &quot;in0-16.txt&quot;" method="manual"/>
                            
            </tests>
                    
        </testset>
                
        <testset name="pretests">
                        
            <time-limit>5000</time-limit>
                        
            <memory-limit>268435456</memory-limit>
                        
            <test-count>76</test-count>
                        
            <input-path-pattern>pretests/%02d</input-path-pattern>
                        
            <answer-path-pattern>pretests/%02d.a</answer-path-pattern>
                        
            <tests>
                                
                <test description="File &quot;in0-1.txt&quot;" method="manual" sample="true"/>
                                
                <test description="File &quot;in0-2.txt&quot;" method="manual" sample="true"/>
                                
                <test description="File &quot;in0-3.txt&quot;" method="manual" sample="true"/>
                                
                <test description="File &quot;in1-1.txt&quot;" method="manual" sample="true"/>
                                
                <test method="manual" sample="true"/>
                                
                <test description="File &quot;in0-9.txt&quot;" method="manual"/>
                                
                <test description="Archive &quot;wicshh.zip&quot;; file &quot;in0-4.txt&quot;" method="manual"/>
                                
                <test description="Archive &quot;wicshh.zip&quot;; file &quot;in0-5.txt&quot;" method="manual"/>
                                
                <test description="Archive &quot;wicshh.zip&quot;; file &quot;in0-6.txt&quot;" method="manual"/>
                                
                <test description="Archive &quot;wicshh.zip&quot;; file &quot;in0-7.txt&quot;" method="manual"/>
                                
                <test description="Archive &quot;wicshh.zip&quot;; file &quot;in0-8.txt&quot;" method="manual"/>
                                
                <test description="File &quot;in1-2.txt&quot;" method="manual"/>
                                
                <test cmd="gen 800000 10" method="generated"/>
                                
                <test cmd="gen 800000 100" method="generated"/>
                                
                <test cmd="gen 800000 1000000000" method="generated"/>
                                
                <test cmd="gen 713891 1000000000" method="generated"/>
                                
                <test cmd="gen 59471 1000000000" method="generated"/>
                                
                <test cmd="gen 12949 1000000000" method="generated"/>
                                
                <test cmd="gen_filled 894" method="generated"/>
                                
                <test cmd="gen_cross 800000 1000 1 1" method="generated"/>
                                
                <test cmd="gen_cross 800000 100000 1 1" method="generated"/>
                                
                <test cmd="gen_cross 800000 1000000000 1 1" method="generated"/>
                                
                <test cmd="gen_few_xy 800000 1000000000 0 1 0" method="generated"/>
                                
                <test cmd="gen_few_xy 800000 1000000000 0 1 1" method="generated"/>
                                
                <test cmd="gen_few_xy 800000 1000000000 0 2 0" method="generated"/>
                                
                <test cmd="gen_few_xy 800000 1000000000 0 2 1" method="generated"/>
                                
                <test cmd="gen_few_xy 800000 1000000000 0 5 0" method="generated"/>
                                
                <test cmd="gen_few_xy 800000 1000000000 0 5 1" method="generated"/>
                                
                <test cmd="gen_few_xy 800000 1000000000 0 50 0" method="generated"/>
                                
                <test cmd="gen_few_xy 800000 1000000000 0 50 1" method="generated"/>
                                
                <test cmd="gen_few_xy 800000 1000000000 1 5 0" method="generated"/>
                                
                <test cmd="gen_few_xy 800000 1000000000 1 5 1" method="generated"/>
                                
                <test cmd="gen_few_diag 800000 1000 0 5 0" method="generated"/>
                                
                <test cmd="gen_few_diag 800000 1000 1 5 0" method="generated"/>
                                
                <test cmd="gen_few_diag 800000 1000000000 0 1 0" method="generated"/>
                                
                <test cmd="gen_few_diag 800000 1000000000 0 1 1" method="generated"/>
                                
                <test cmd="gen_few_diag 800000 1000000000 0 2 0" method="generated"/>
                                
                <test cmd="gen_few_diag 800000 1000000000 0 2 1" method="generated"/>
                                
                <test cmd="gen_few_diag 800000 1000000000 0 5 0" method="generated"/>
                                
                <test cmd="gen_few_diag 800000 1000000000 0 5 1" method="generated"/>
                                
                <test cmd="gen_few_diag 800000 1000000000 0 50 0" method="generated"/>
                                
                <test cmd="gen_few_diag 800000 1000000000 0 50 1" method="generated"/>
                                
                <test cmd="gen_few_diag 800000 1000000000 0 1000 0" method="generated"/>
                                
                <test cmd="gen_few_diag 800000 1000000000 0 1000 1" method="generated"/>
                                
                <test cmd="gen_few_diag 800000 1000000000 0 100000 0" method="generated"/>
                                
                <test cmd="gen_few_diag 800000 1000000000 0 100000 1" method="generated"/>
                                
                <test cmd="gen_few_diag 800000 1000000000 1 1 0" method="generated"/>
                                
                <test cmd="gen_few_diag 800000 1000000000 1 1 1" method="generated"/>
                                
                <test cmd="gen_few_diag 800000 1000000000 1 2 0" method="generated"/>
                                
                <test cmd="gen_few_diag 800000 1000000000 1 2 1" method="generated"/>
                                
                <test cmd="gen_few_diag 800000 1000000000 1 5 0" method="generated"/>
                                
                <test cmd="gen_few_diag 800000 1000000000 1 5 1" method="generated"/>
                                
                <test cmd="gen_few_diag 800000 1000000000 1 50 0" method="generated"/>
                                
                <test cmd="gen_few_diag 800000 1000000000 1 50 1" method="generated"/>
                                
                <test cmd="gen_few_diag 800000 1000000000 1 1000 0" method="generated"/>
                                
                <test cmd="gen_few_diag 800000 1000000000 1 1000 1" method="generated"/>
                                
                <test cmd="gen_few_diag 800000 1000000000 1 100000 0" method="generated"/>
                                
                <test cmd="gen_few_diag 800000 1000000000 1 100000 1" method="generated"/>
                                
                <test cmd="gen_dupe 800000 1000000000 1 0" method="generated"/>
                                
                <test cmd="gen_dupe 800000 1000000000 1 1" method="generated"/>
                                
                <test cmd="gen_dupe 800000 1000000000 97 3" method="generated"/>
                                
                <test cmd="gen_dupe 800000 1000000000 2 8" method="generated"/>
                                
                <test cmd="gen_dupe 800000 1000000000 8 2" method="generated"/>
                                
                <test cmd="gen_cluster 800000 1000000000 1 1" method="generated"/>
                                
                <test cmd="gen_cluster 800000 1000000000 1 50" method="generated"/>
                                
                <test cmd="gen_cluster 800000 1000000000 2 1" method="generated"/>
                                
                <test cmd="gen_cluster 800000 1000000000 2 10" method="generated"/>
                                
                <test cmd="gen_cluster 800000 1000000000 2 50" method="generated"/>
                                
                <test cmd="gen_cluster 800000 1000000000 5 1" method="generated"/>
                                
                <test cmd="gen_cluster 800000 1000000000 5 10" method="generated"/>
                                
                <test cmd="gen_cluster 800000 1000000000 5 50" method="generated"/>
                                
                <test cmd="gen_cluster 800000 1000000000 50 1" method="generated"/>
                                
                <test cmd="gen_cluster 800000 1000000000 50 10" method="generated"/>
                                
                <test cmd="gen_cluster 800000 1000000000 50 50" method="generated"/>
                                
                <test cmd="gen_cluster 800000 1000000000 1000 1" method="generated"/>
                                
                <test cmd="gen_cluster 800000 1000000000 1000 10" method="generated"/>
                            
            </tests>
                    
        </testset>
            
    </judging>
        
    <files>
                
        <resources>
                        
            <file path="files/olymp.sty"/>
                        
            <file path="files/problem.tex"/>
                        
            <file path="files/statements.ftl"/>
                        
            <file path="files/testlib.h" type="h.g++"/>
                        
            <file path="files/tutorial.tex"/>
                    
        </resources>
                
        <executables>
                        
            <executable>
                                
                <source path="files/gen.cpp" type="cpp.g++17"/>
                                
                <binary path="files/gen.exe" type="exe.win32"/>
                            
            </executable>
                        
            <executable>
                                
                <source path="files/gen_cluster.cpp" type="cpp.g++17"/>
                                
                <binary path="files/gen_cluster.exe" type="exe.win32"/>
                            
            </executable>
                        
            <executable>
                                
                <source path="files/gen_cross.cpp" type="cpp.g++17"/>
                                
                <binary path="files/gen_cross.exe" type="exe.win32"/>
                            
            </executable>
                        
            <executable>
                                
                <source path="files/gen_dupe.cpp" type="cpp.g++17"/>
                                
                <binary path="files/gen_dupe.exe" type="exe.win32"/>
                            
            </executable>
                        
            <executable>
                                
                <source path="files/gen_few_diag.cpp" type="cpp.g++17"/>
                                
                <binary path="files/gen_few_diag.exe" type="exe.win32"/>
                            
            </executable>
                        
            <executable>
                                
                <source path="files/gen_few_xy.cpp" type="cpp.g++17"/>
                                
                <binary path="files/gen_few_xy.exe" type="exe.win32"/>
                            
            </executable>
                        
            <executable>
                                
                <source path="files/gen_filled.cpp" type="cpp.g++17"/>
                                
                <binary path="files/gen_filled.exe" type="exe.win32"/>
                            
            </executable>
                        
            <executable>
                                
                <source path="files/validator.cpp" type="cpp.g++17"/>
                                
                <binary path="files/validator.exe" type="exe.win32"/>
                            
            </executable>
                    
        </executables>
            
    </files>
        
    <assets>
                
        <checker name="std::ncmp.cpp" type="testlib">
                        
            <source path="files/check.cpp" type="cpp.g++17"/>
                        
            <binary path="check.exe" type="exe.win32"/>
                        
            <copy path="check.cpp"/>
                        
            <testset>
                                
                <test-count>0</test-count>
                                
                <input-path-pattern>files/tests/checker-tests/%02d</input-path-pattern>
                                
                <output-path-pattern>files/tests/checker-tests/%02d.o</output-path-pattern>
                                
                <answer-path-pattern>files/tests/checker-tests/%02d.a</answer-path-pattern>
                                
                <tests/>
                            
            </testset>
                    
        </checker>
                
        <validators>
                        
            <validator>
                                
                <source path="files/validator.cpp" type="cpp.g++17"/>
                                
                <binary path="files/validator.exe" type="exe.win32"/>
                                
                <testset>
                                        
                    <test-count>8</test-count>
                                        
                    <input-path-pattern>files/tests/validator-tests/%02d</input-path-pattern>
                                        
                    <tests>
                                                
                        <test verdict="valid"/>
                                                
                        <test verdict="invalid"/>
                                                
                        <test verdict="valid"/>
                                                
                        <test verdict="valid"/>
                                                
                        <test verdict="invalid"/>
                                                
                        <test verdict="valid"/>
                                                
                        <test verdict="valid"/>
                                                
                        <test verdict="invalid"/>
                                            
                    </tests>
                                    
                </testset>
                            
            </validator>
                    
        </validators>
                
        <solutions>
                        
            <solution tag="accepted">
                                
                <source path="solutions/HANewBeginning.java" type="java11"/>
                                
                <binary path="solutions/HANewBeginning.jar" type="jar"/>
                            
            </solution>
                        
            <solution tag="accepted">
                                
                <source path="solutions/allen.cpp" type="cpp.g++17"/>
                                
                <binary path="solutions/allen.exe" type="exe.win32"/>
                                
                <extra-tags>
                                        
                    <extra-tag tag="accepted" testset="tests"/>
                                        
                    <extra-tag tag="accepted" testset="pretests"/>
                                    
                </extra-tags>
                            
            </solution>
                        
            <solution tag="rejected">
                                
                <source path="solutions/ans_overflow.cpp" type="cpp.g++17"/>
                                
                <binary path="solutions/ans_overflow.exe" type="exe.win32"/>
                                
                <extra-tags>
                                        
                    <extra-tag tag="rejected" testset="tests"/>
                                        
                    <extra-tag tag="rejected" testset="pretests"/>
                                    
                </extra-tags>
                            
            </solution>
                        
            <solution tag="rejected">
                                
                <source path="solutions/arr_overflow.cpp" type="cpp.g++17"/>
                                
                <binary path="solutions/arr_overflow.exe" type="exe.win32"/>
                                
                <extra-tags>
                                        
                    <extra-tag tag="rejected" testset="tests"/>
                                        
                    <extra-tag tag="rejected" testset="pretests"/>
                                    
                </extra-tags>
                            
            </solution>
                        
            <solution tag="main">
                                
                <source path="solutions/main.cpp" type="cpp.g++17"/>
                                
                <binary path="solutions/main.exe" type="exe.win32"/>
                                
                <extra-tags>
                                        
                    <extra-tag tag="accepted" testset="tests"/>
                                        
                    <extra-tag tag="accepted" testset="pretests"/>
                                    
                </extra-tags>
                            
            </solution>
                        
            <solution tag="accepted">
                                
                <source path="solutions/mainsimple.cpp" type="cpp.g++17"/>
                                
                <binary path="solutions/mainsimple.exe" type="exe.win32"/>
                                
                <extra-tags>
                                        
                    <extra-tag tag="accepted" testset="tests"/>
                                        
                    <extra-tag tag="accepted" testset="pretests"/>
                                    
                </extra-tags>
                            
            </solution>
                    
        </solutions>
            
    </assets>
        
    <properties>
                
        <property name="tests-wellformed" value="true"/>
            
    </properties>
        
    <stresses>
                
        <stress-count>0</stress-count>
                
        <stress-path-pattern>stresses/%03d</stress-path-pattern>
                
        <list/>
            
    </stresses>
        
    <tags>
                
        <tag value="chebyshev distance"/>
                
        <tag value="dynamic programming"/>
                
        <tag value="manhattan distance"/>
                
        <tag value="rotation"/>
                
        <tag value="slope trick"/>
            
    </tags>
    
</problem>
