<?xml version="1.0" encoding="utf-8" standalone="no"?>
<problem revision="53" short-name="hidden-lca" url="https://polygon.codeforces.com/p2Be6AP/Dormi/hidden-lca">
        
    <names>
                
        <name language="english" value="Lost Nodes"/>
                
        <name language="russian" value="Потерянные вершины"/>
            
    </names>
        
    <statements>
                
        <statement charset="UTF-8" language="english" mathjax="true" path="statements/english/problem.tex" type="application/x-tex"/>
                
        <statement charset="UTF-8" language="russian" mathjax="true" path="statements/russian/problem.tex" type="application/x-tex"/>
                
        <statement charset="UTF-8" language="english" mathjax="true" path="statements/.html/english/problem.html" type="text/html"/>
                
        <statement charset="UTF-8" language="russian" mathjax="true" path="statements/.html/russian/problem.html" type="text/html"/>
            
    </statements>
        
    <tutorials>
                
        <tutorial charset="UTF-8" language="english" mathjax="true" path="statements/english/tutorial.tex" type="application/x-tex"/>
                
        <tutorial charset="UTF-8" language="english" mathjax="true" path="statements/.html/english/tutorial.html" type="text/html"/>
                
        <tutorial language="english" path="statements/.pdf/english/tutorial.pdf" type="application/pdf"/>
            
    </tutorials>
        
    <judging cpu-name="Intel(R) Core(TM) i3-8100 CPU @ 3.60GHz" cpu-speed="3600" input-file="" output-file="">
                
        <testset name="tests">
                        
            <time-limit>4000</time-limit>
                        
            <memory-limit>268435456</memory-limit>
                        
            <test-count>239</test-count>
                        
            <input-path-pattern>tests/%02d</input-path-pattern>
                        
            <answer-path-pattern>tests/%02d.a</answer-path-pattern>
                        
            <tests>
                                
                <test cmd="gen 4 0 1" method="generated"/>
                                
                <test cmd="gen 5 3 1" method="generated"/>
                                
                <test cmd="gen 1 0 1" method="generated"/>
                                
                <test cmd="gen 2 0 1" method="generated"/>
                                
                <test cmd="gen 3 0 1" method="generated"/>
                                
                <test method="manual"/>
                                
                <test method="manual"/>
                                
                <test method="manual"/>
                                
                <test method="manual"/>
                                
                <test method="manual"/>
                                
                <test method="manual"/>
                                
                <test cmd="gen 100000 0 1" method="generated"/>
                                
                <test cmd="gen 100000 20 1" method="generated"/>
                                
                <test cmd="gen 100000 100 1" method="generated"/>
                                
                <test cmd="gen 100000 -100 1" method="generated"/>
                                
                <test cmd="gen 91853 0 1" method="generated"/>
                                
                <test cmd="gen 294 0 1" method="generated"/>
                                
                <test cmd="petergen thisisaseed" method="generated"/>
                                
                <test cmd="petergen2 thisisaseed" method="generated"/>
                                
                <test cmd="petergen3 thisisaseed" method="generated"/>
                                
                <test cmd="gen 100000 0 1 dc02f189e722813973cc3f258584a806" method="generated"/>
                                
                <test cmd="gen 100000 100 1 e98a160dde48d7bf3fbbe957b8721712" method="generated"/>
                                
                <test cmd="gen 100000 10 1 f1a44c0c09aaead5ccd4589c17f35d24" method="generated"/>
                                
                <test cmd="gen 100000 0 1 4251f1f0db6f17f5312f3862ff8a79a2" method="generated"/>
                                
                <test cmd="gen 100000 100 1 567328b9cc2506a03a2c8060e82b8d35" method="generated"/>
                                
                <test cmd="gen 100000 10 1 53a8bba699ac8237009f376ed640abf2" method="generated"/>
                                
                <test cmd="gen_killcentroid 100000 0 4 0" method="generated"/>
                                
                <test cmd="gen_killcentroid 100000 0 4 1" method="generated"/>
                                
                <test cmd="specialgen 100000 1 1" method="generated"/>
                                
                <test cmd="specialgen 100000 1 2" method="generated"/>
                                
                <test cmd="specialgen 100000 1 3" method="generated"/>
                                
                <test cmd="specialgen 100000 1 4" method="generated"/>
                                
                <test cmd="specialgen 100000 1 5" method="generated"/>
                                
                <test cmd="specialgen 100000 1 6" method="generated"/>
                                
                <test cmd="specialgen 100000 2 1" method="generated"/>
                                
                <test cmd="specialgen 100000 2 2" method="generated"/>
                                
                <test cmd="gen_diameter 100000 -30 1 2" method="generated"/>
                                
                <test cmd="gen_diameter 100000 -30 2 2" method="generated"/>
                                
                <test cmd="gen_diameter 100000 -30 3 2" method="generated"/>
                                
                <test cmd="gen_diameter 100000 -30 4 2" method="generated"/>
                                
                <test cmd="gen_diameter 100000 30 1 2" method="generated"/>
                                
                <test cmd="gen_diameter 100000 30 2 2" method="generated"/>
                                
                <test cmd="gen_diameter 100000 30 3 2" method="generated"/>
                                
                <test cmd="gen_diameter 100000 30 4 2" method="generated"/>
                                
                <test cmd="gen_leaf 100000 -30 1 3" method="generated"/>
                                
                <test cmd="gen_leaf 100000 -30 2 3" method="generated"/>
                                
                <test cmd="gen_leaf 100000 -30 3 3" method="generated"/>
                                
                <test cmd="gen_leaf 100000 -30 4 3" method="generated"/>
                                
                <test cmd="gen_leaf 100000 30 1 3" method="generated"/>
                                
                <test cmd="gen_leaf 100000 30 2 3" method="generated"/>
                                
                <test cmd="gen_leaf 100000 30 3 3" method="generated"/>
                                
                <test cmd="gen_leaf 100000 30 4 3" method="generated"/>
                                
                <test cmd="gen_single 100000 -30 1 5" method="generated"/>
                                
                <test cmd="gen_single 100000 30 1 5" method="generated"/>
                                
                <test cmd="gen_edge 100000 -30 2 4" method="generated"/>
                                
                <test cmd="gen_edge 100000 -30 4 4" method="generated"/>
                                
                <test cmd="gen_edge 100000 30 2 4" method="generated"/>
                                
                <test cmd="gen_edge 100000 30 4 4" method="generated"/>
                                
                <test cmd="gen_worst 100000 -30 1 6" method="generated"/>
                                
                <test cmd="gen_worst 100000 -30 2 6" method="generated"/>
                                
                <test cmd="gen_worst 100000 -30 3 6" method="generated"/>
                                
                <test cmd="gen_worst 100000 30 1 6" method="generated"/>
                                
                <test cmd="gen_worst 100000 30 2 6" method="generated"/>
                                
                <test cmd="gen_worst 100000 30 3 6" method="generated"/>
                                
                <test cmd="gen_centroid 100000 -30 1 7" method="generated"/>
                                
                <test cmd="gen_centroid 100000 -30 2 7" method="generated"/>
                                
                <test cmd="gen_centroid 100000 -30 3 7" method="generated"/>
                                
                <test cmd="gen_centroid 100000 30 1 7" method="generated"/>
                                
                <test cmd="gen_centroid 100000 30 2 7" method="generated"/>
                                
                <test cmd="gen_centroid 100000 30 3 7" method="generated"/>
                                
                <test cmd="gen_center 100000 -30 1 8" method="generated"/>
                                
                <test cmd="gen_center 100000 -30 2 8" method="generated"/>
                                
                <test cmd="gen_center 100000 -30 3 8" method="generated"/>
                                
                <test cmd="gen_center 100000 30 1 8" method="generated"/>
                                
                <test cmd="gen_center 100000 30 2 8" method="generated"/>
                                
                <test cmd="gen_center 100000 30 3 8" method="generated"/>
                                
                <test cmd="specialgen 1000 1 4" method="generated"/>
                                
                <test cmd="specialgen 1000 2 1" method="generated"/>
                                
                <test cmd="specialgen 100 1 4" method="generated"/>
                                
                <test cmd="specialgen 100 2 1" method="generated"/>
                                
                <test cmd="gen 100 10 1" method="generated"/>
                                
                <test cmd="gen 100 -10 1" method="generated"/>
                                
                <test cmd="gen 100 100 1" method="generated"/>
                                
                <test cmd="gen 100 -100 1" method="generated"/>
                                
                <test cmd="gen 100 10000 1" method="generated"/>
                                
                <test cmd="gen 100 -10000 1" method="generated"/>
                                
                <test cmd="gen 100000 1 1" method="generated"/>
                                
                <test cmd="gen 100000 -1 1" method="generated"/>
                                
                <test cmd="gen 100000 -2 1" method="generated"/>
                                
                <test cmd="gen 100000 2 1" method="generated"/>
                                
                <test cmd="gen 100000 3 1" method="generated"/>
                                
                <test cmd="gen 100000 -3 1" method="generated"/>
                                
                <test cmd="gen 100000 4 1" method="generated"/>
                                
                <test cmd="gen 100000 -4 1" method="generated"/>
                                
                <test cmd="gen 100000 5 1" method="generated"/>
                                
                <test cmd="gen 100000 -5 1" method="generated"/>
                                
                <test cmd="gen 100000 50 1" method="generated"/>
                                
                <test cmd="gen 100000 -50 1" method="generated"/>
                                
                <test cmd="gen 100000 1000 1" method="generated"/>
                                
                <test cmd="gen 100000 -1000 1" method="generated"/>
                                
                <test cmd="gen 100000 2000 1" method="generated"/>
                                
                <test cmd="gen 100000 -2000 1" method="generated"/>
                                
                <test cmd="gen 100000 500 1" method="generated"/>
                                
                <test cmd="gen 100000 -500 1" method="generated"/>
                                
                <test cmd="gen 100000 -100 1 1" method="generated"/>
                                
                <test cmd="gen 100000 -100 2 1" method="generated"/>
                                
                <test cmd="gen 100000 -100 3 1" method="generated"/>
                                
                <test cmd="gen 100000 -100 4 1" method="generated"/>
                                
                <test cmd="gen 100000 -10 1 1" method="generated"/>
                                
                <test cmd="gen 100000 -10 2 1" method="generated"/>
                                
                <test cmd="gen 100000 -10 3 1" method="generated"/>
                                
                <test cmd="gen 100000 -10 4 1" method="generated"/>
                                
                <test cmd="gen 100000 0 1 1" method="generated"/>
                                
                <test cmd="gen 100000 0 2 1" method="generated"/>
                                
                <test cmd="gen 100000 0 3 1" method="generated"/>
                                
                <test cmd="gen 100000 0 4 1" method="generated"/>
                                
                <test cmd="gen 100000 10 1 1" method="generated"/>
                                
                <test cmd="gen 100000 10 2 1" method="generated"/>
                                
                <test cmd="gen 100000 10 3 1" method="generated"/>
                                
                <test cmd="gen 100000 10 4 1" method="generated"/>
                                
                <test cmd="gen 100000 100 1 1" method="generated"/>
                                
                <test cmd="gen 100000 100 2 1" method="generated"/>
                                
                <test cmd="gen 100000 100 3 1" method="generated"/>
                                
                <test cmd="gen 100000 100 4 1" method="generated"/>
                                
                <test cmd="gen_diameter 100000 -100 1 2" method="generated"/>
                                
                <test cmd="gen_diameter 100000 -100 2 2" method="generated"/>
                                
                <test cmd="gen_diameter 100000 -100 3 2" method="generated"/>
                                
                <test cmd="gen_diameter 100000 -100 4 2" method="generated"/>
                                
                <test cmd="gen_diameter 100000 -10 1 2" method="generated"/>
                                
                <test cmd="gen_diameter 100000 -10 2 2" method="generated"/>
                                
                <test cmd="gen_diameter 100000 -10 3 2" method="generated"/>
                                
                <test cmd="gen_diameter 100000 -10 4 2" method="generated"/>
                                
                <test cmd="gen_diameter 100000 0 1 2" method="generated"/>
                                
                <test cmd="gen_diameter 100000 0 2 2" method="generated"/>
                                
                <test cmd="gen_diameter 100000 0 3 2" method="generated"/>
                                
                <test cmd="gen_diameter 100000 0 4 2" method="generated"/>
                                
                <test cmd="gen_diameter 100000 10 1 2" method="generated"/>
                                
                <test cmd="gen_diameter 100000 10 2 2" method="generated"/>
                                
                <test cmd="gen_diameter 100000 10 3 2" method="generated"/>
                                
                <test cmd="gen_diameter 100000 10 4 2" method="generated"/>
                                
                <test cmd="gen_diameter 100000 100 1 2" method="generated"/>
                                
                <test cmd="gen_diameter 100000 100 2 2" method="generated"/>
                                
                <test cmd="gen_diameter 100000 100 3 2" method="generated"/>
                                
                <test cmd="gen_diameter 100000 100 4 2" method="generated"/>
                                
                <test cmd="gen_leaf 100000 -100 1 3" method="generated"/>
                                
                <test cmd="gen_leaf 100000 -100 2 3" method="generated"/>
                                
                <test cmd="gen_leaf 100000 -100 3 3" method="generated"/>
                                
                <test cmd="gen_leaf 100000 -100 4 3" method="generated"/>
                                
                <test cmd="gen_leaf 100000 -10 1 3" method="generated"/>
                                
                <test cmd="gen_leaf 100000 -10 2 3" method="generated"/>
                                
                <test cmd="gen_leaf 100000 -10 3 3" method="generated"/>
                                
                <test cmd="gen_leaf 100000 -10 4 3" method="generated"/>
                                
                <test cmd="gen_leaf 100000 0 1 3" method="generated"/>
                                
                <test cmd="gen_leaf 100000 0 2 3" method="generated"/>
                                
                <test cmd="gen_leaf 100000 0 3 3" method="generated"/>
                                
                <test cmd="gen_leaf 100000 0 4 3" method="generated"/>
                                
                <test cmd="gen_leaf 100000 10 1 3" method="generated"/>
                                
                <test cmd="gen_leaf 100000 10 2 3" method="generated"/>
                                
                <test cmd="gen_leaf 100000 10 3 3" method="generated"/>
                                
                <test cmd="gen_leaf 100000 10 4 3" method="generated"/>
                                
                <test cmd="gen_leaf 100000 100 1 3" method="generated"/>
                                
                <test cmd="gen_leaf 100000 100 2 3" method="generated"/>
                                
                <test cmd="gen_leaf 100000 100 3 3" method="generated"/>
                                
                <test cmd="gen_leaf 100000 100 4 3" method="generated"/>
                                
                <test cmd="gen_edge 100000 -100 2 4" method="generated"/>
                                
                <test cmd="gen_edge 100000 -100 4 4" method="generated"/>
                                
                <test cmd="gen_edge 100000 -10 2 4" method="generated"/>
                                
                <test cmd="gen_edge 100000 -10 4 4" method="generated"/>
                                
                <test cmd="gen_edge 100000 0 2 4" method="generated"/>
                                
                <test cmd="gen_edge 100000 0 4 4" method="generated"/>
                                
                <test cmd="gen_edge 100000 10 2 4" method="generated"/>
                                
                <test cmd="gen_edge 100000 10 4 4" method="generated"/>
                                
                <test cmd="gen_edge 100000 100 2 4" method="generated"/>
                                
                <test cmd="gen_edge 100000 100 4 4" method="generated"/>
                                
                <test cmd="gen_single 100000 -100 1 5" method="generated"/>
                                
                <test cmd="gen_single 100000 -10 1 5" method="generated"/>
                                
                <test cmd="gen_single 100000 0 1 5" method="generated"/>
                                
                <test cmd="gen_single 100000 10 1 5" method="generated"/>
                                
                <test cmd="gen_single 100000 100 1 5" method="generated"/>
                                
                <test cmd="gen_worst 100000 -100 1 6" method="generated"/>
                                
                <test cmd="gen_worst 100000 -100 2 6" method="generated"/>
                                
                <test cmd="gen_worst 100000 -100 3 6" method="generated"/>
                                
                <test cmd="gen_worst 100000 -10 1 6" method="generated"/>
                                
                <test cmd="gen_worst 100000 -10 2 6" method="generated"/>
                                
                <test cmd="gen_worst 100000 -10 3 6" method="generated"/>
                                
                <test cmd="gen_worst 100000 0 1 6" method="generated"/>
                                
                <test cmd="gen_worst 100000 0 2 6" method="generated"/>
                                
                <test cmd="gen_worst 100000 0 3 6" method="generated"/>
                                
                <test cmd="gen_worst 100000 10 1 6" method="generated"/>
                                
                <test cmd="gen_worst 100000 10 2 6" method="generated"/>
                                
                <test cmd="gen_worst 100000 10 3 6" method="generated"/>
                                
                <test cmd="gen_worst 100000 100 1 6" method="generated"/>
                                
                <test cmd="gen_worst 100000 100 2 6" method="generated"/>
                                
                <test cmd="gen_worst 100000 100 3 6" method="generated"/>
                                
                <test cmd="gen_centroid 100000 -100 1 7" method="generated"/>
                                
                <test cmd="gen_centroid 100000 -100 2 7" method="generated"/>
                                
                <test cmd="gen_centroid 100000 -100 3 7" method="generated"/>
                                
                <test cmd="gen_centroid 100000 -10 1 7" method="generated"/>
                                
                <test cmd="gen_centroid 100000 -10 2 7" method="generated"/>
                                
                <test cmd="gen_centroid 100000 -10 3 7" method="generated"/>
                                
                <test cmd="gen_centroid 100000 0 1 7" method="generated"/>
                                
                <test cmd="gen_centroid 100000 0 2 7" method="generated"/>
                                
                <test cmd="gen_centroid 100000 0 3 7" method="generated"/>
                                
                <test cmd="gen_centroid 100000 10 1 7" method="generated"/>
                                
                <test cmd="gen_centroid 100000 10 2 7" method="generated"/>
                                
                <test cmd="gen_centroid 100000 10 3 7" method="generated"/>
                                
                <test cmd="gen_centroid 100000 100 1 7" method="generated"/>
                                
                <test cmd="gen_centroid 100000 100 2 7" method="generated"/>
                                
                <test cmd="gen_centroid 100000 100 3 7" method="generated"/>
                                
                <test cmd="gen_center 100000 -100 1 8" method="generated"/>
                                
                <test cmd="gen_center 100000 -100 2 8" method="generated"/>
                                
                <test cmd="gen_center 100000 -100 3 8" method="generated"/>
                                
                <test cmd="gen_center 100000 -10 1 8" method="generated"/>
                                
                <test cmd="gen_center 100000 -10 2 8" method="generated"/>
                                
                <test cmd="gen_center 100000 -10 3 8" method="generated"/>
                                
                <test cmd="gen_center 100000 0 1 8" method="generated"/>
                                
                <test cmd="gen_center 100000 0 2 8" method="generated"/>
                                
                <test cmd="gen_center 100000 0 3 8" method="generated"/>
                                
                <test cmd="gen_center 100000 10 1 8" method="generated"/>
                                
                <test cmd="gen_center 100000 10 2 8" method="generated"/>
                                
                <test cmd="gen_center 100000 10 3 8" method="generated"/>
                                
                <test cmd="gen_center 100000 100 1 8" method="generated"/>
                                
                <test cmd="gen_center 100000 100 2 8" method="generated"/>
                                
                <test cmd="gen_center 100000 100 3 8" method="generated"/>
                                
                <test cmd="gen 100000 0 1 8dea5263dff0242d861ca9bf764d4e00" method="generated"/>
                                
                <test cmd="gen 100000 100 1 2b7074a36e03c207ce65825d32b855e4" method="generated"/>
                                
                <test method="manual"/>
                                
                <test cmd="gen 100000 10 1 ed4a531eff270a11450777b09c275cc1" method="generated"/>
                                
                <test cmd="gen 100000 0 1 2df3d5c6d1f292cf532ec078982d4d74" method="generated"/>
                                
                <test cmd="gen 100000 100 1 5dc8e092347e36d2514702a159e4a25e" method="generated"/>
                                
                <test cmd="gen 100000 10 1 b032cb300fae70a92cba73fe79032762" method="generated"/>
                                
                <test cmd="gen_killcentroid 100000 -100 4 0" method="generated"/>
                                
                <test cmd="gen_killcentroid 100000 -100 4 1" method="generated"/>
                                
                <test cmd="gen_killcentroid 100000 -10 4 0" method="generated"/>
                                
                <test cmd="gen_killcentroid 100000 -10 4 1" method="generated"/>
                                
                <test cmd="gen_killcentroid 100000 10 4 0" method="generated"/>
                                
                <test cmd="gen_killcentroid 100000 10 4 1" method="generated"/>
                                
                <test cmd="gen_killcentroid 100000 100 4 0" method="generated"/>
                                
                <test cmd="gen_killcentroid 100000 100 4 1" method="generated"/>
                            
            </tests>
                    
        </testset>
                
        <testset name="pretests">
                        
            <time-limit>4000</time-limit>
                        
            <memory-limit>268435456</memory-limit>
                        
            <test-count>76</test-count>
                        
            <input-path-pattern>pretests/%02d</input-path-pattern>
                        
            <answer-path-pattern>pretests/%02d.a</answer-path-pattern>
                        
            <tests>
                                
                <test cmd="gen 4 0 1" method="generated" sample="true"/>
                                
                <test cmd="gen 5 3 1" method="generated" sample="true"/>
                                
                <test cmd="gen 1 0 1" method="generated"/>
                                
                <test cmd="gen 2 0 1" method="generated"/>
                                
                <test cmd="gen 3 0 1" method="generated"/>
                                
                <test method="manual"/>
                                
                <test method="manual"/>
                                
                <test method="manual"/>
                                
                <test method="manual"/>
                                
                <test method="manual"/>
                                
                <test method="manual"/>
                                
                <test cmd="gen 100000 0 1" method="generated"/>
                                
                <test cmd="gen 100000 20 1" method="generated"/>
                                
                <test cmd="gen 100000 100 1" method="generated"/>
                                
                <test cmd="gen 100000 -100 1" method="generated"/>
                                
                <test cmd="gen 91853 0 1" method="generated"/>
                                
                <test cmd="gen 294 0 1" method="generated"/>
                                
                <test cmd="petergen thisisaseed" method="generated"/>
                                
                <test cmd="petergen2 thisisaseed" method="generated"/>
                                
                <test cmd="petergen3 thisisaseed" method="generated"/>
                                
                <test cmd="gen 100000 0 1 dc02f189e722813973cc3f258584a806" method="generated"/>
                                
                <test cmd="gen 100000 100 1 e98a160dde48d7bf3fbbe957b8721712" method="generated"/>
                                
                <test cmd="gen 100000 10 1 f1a44c0c09aaead5ccd4589c17f35d24" method="generated"/>
                                
                <test cmd="gen 100000 0 1 4251f1f0db6f17f5312f3862ff8a79a2" method="generated"/>
                                
                <test cmd="gen 100000 100 1 567328b9cc2506a03a2c8060e82b8d35" method="generated"/>
                                
                <test cmd="gen 100000 10 1 53a8bba699ac8237009f376ed640abf2" method="generated"/>
                                
                <test cmd="gen_killcentroid 100000 0 4 0" method="generated"/>
                                
                <test cmd="gen_killcentroid 100000 0 4 1" method="generated"/>
                                
                <test cmd="specialgen 100000 1 1" method="generated"/>
                                
                <test cmd="specialgen 100000 1 2" method="generated"/>
                                
                <test cmd="specialgen 100000 1 3" method="generated"/>
                                
                <test cmd="specialgen 100000 1 4" method="generated"/>
                                
                <test cmd="specialgen 100000 1 5" method="generated"/>
                                
                <test cmd="specialgen 100000 1 6" method="generated"/>
                                
                <test cmd="specialgen 100000 2 1" method="generated"/>
                                
                <test cmd="specialgen 100000 2 2" method="generated"/>
                                
                <test cmd="gen_diameter 100000 -30 1 2" method="generated"/>
                                
                <test cmd="gen_diameter 100000 -30 2 2" method="generated"/>
                                
                <test cmd="gen_diameter 100000 -30 3 2" method="generated"/>
                                
                <test cmd="gen_diameter 100000 -30 4 2" method="generated"/>
                                
                <test cmd="gen_diameter 100000 30 1 2" method="generated"/>
                                
                <test cmd="gen_diameter 100000 30 2 2" method="generated"/>
                                
                <test cmd="gen_diameter 100000 30 3 2" method="generated"/>
                                
                <test cmd="gen_diameter 100000 30 4 2" method="generated"/>
                                
                <test cmd="gen_leaf 100000 -30 1 3" method="generated"/>
                                
                <test cmd="gen_leaf 100000 -30 2 3" method="generated"/>
                                
                <test cmd="gen_leaf 100000 -30 3 3" method="generated"/>
                                
                <test cmd="gen_leaf 100000 -30 4 3" method="generated"/>
                                
                <test cmd="gen_leaf 100000 30 1 3" method="generated"/>
                                
                <test cmd="gen_leaf 100000 30 2 3" method="generated"/>
                                
                <test cmd="gen_leaf 100000 30 3 3" method="generated"/>
                                
                <test cmd="gen_leaf 100000 30 4 3" method="generated"/>
                                
                <test cmd="gen_single 100000 -30 1 5" method="generated"/>
                                
                <test cmd="gen_single 100000 30 1 5" method="generated"/>
                                
                <test cmd="gen_edge 100000 -30 2 4" method="generated"/>
                                
                <test cmd="gen_edge 100000 -30 4 4" method="generated"/>
                                
                <test cmd="gen_edge 100000 30 2 4" method="generated"/>
                                
                <test cmd="gen_edge 100000 30 4 4" method="generated"/>
                                
                <test cmd="gen_worst 100000 -30 1 6" method="generated"/>
                                
                <test cmd="gen_worst 100000 -30 2 6" method="generated"/>
                                
                <test cmd="gen_worst 100000 -30 3 6" method="generated"/>
                                
                <test cmd="gen_worst 100000 30 1 6" method="generated"/>
                                
                <test cmd="gen_worst 100000 30 2 6" method="generated"/>
                                
                <test cmd="gen_worst 100000 30 3 6" method="generated"/>
                                
                <test cmd="gen_centroid 100000 -30 1 7" method="generated"/>
                                
                <test cmd="gen_centroid 100000 -30 2 7" method="generated"/>
                                
                <test cmd="gen_centroid 100000 -30 3 7" method="generated"/>
                                
                <test cmd="gen_centroid 100000 30 1 7" method="generated"/>
                                
                <test cmd="gen_centroid 100000 30 2 7" method="generated"/>
                                
                <test cmd="gen_centroid 100000 30 3 7" method="generated"/>
                                
                <test cmd="gen_center 100000 -30 1 8" method="generated"/>
                                
                <test cmd="gen_center 100000 -30 2 8" method="generated"/>
                                
                <test cmd="gen_center 100000 -30 3 8" method="generated"/>
                                
                <test cmd="gen_center 100000 30 1 8" method="generated"/>
                                
                <test cmd="gen_center 100000 30 2 8" method="generated"/>
                                
                <test cmd="gen_center 100000 30 3 8" method="generated"/>
                            
            </tests>
                    
        </testset>
            
    </judging>
        
    <files>
                
        <resources>
                        
            <file path="files/olymp.sty"/>
                        
            <file path="files/problem.tex"/>
                        
            <file path="files/statements.ftl"/>
                        
            <file path="files/testlib.h" type="h.g++"/>
                        
            <file path="files/tutorial.tex"/>
                    
        </resources>
                
        <executables>
                        
            <executable>
                                
                <source path="files/gen.cpp" type="cpp.g++17"/>
                                
                <binary path="files/gen.exe" type="exe.win32"/>
                            
            </executable>
                        
            <executable>
                                
                <source path="files/gen_center.cpp" type="cpp.g++17"/>
                                
                <binary path="files/gen_center.exe" type="exe.win32"/>
                            
            </executable>
                        
            <executable>
                                
                <source path="files/gen_centroid.cpp" type="cpp.g++17"/>
                                
                <binary path="files/gen_centroid.exe" type="exe.win32"/>
                            
            </executable>
                        
            <executable>
                                
                <source path="files/gen_diameter.cpp" type="cpp.g++17"/>
                                
                <binary path="files/gen_diameter.exe" type="exe.win32"/>
                            
            </executable>
                        
            <executable>
                                
                <source path="files/gen_edge.cpp" type="cpp.g++17"/>
                                
                <binary path="files/gen_edge.exe" type="exe.win32"/>
                            
            </executable>
                        
            <executable>
                                
                <source path="files/gen_killcentroid.cpp" type="cpp.g++17"/>
                                
                <binary path="files/gen_killcentroid.exe" type="exe.win32"/>
                            
            </executable>
                        
            <executable>
                                
                <source path="files/gen_leaf.cpp" type="cpp.g++17"/>
                                
                <binary path="files/gen_leaf.exe" type="exe.win32"/>
                            
            </executable>
                        
            <executable>
                                
                <source path="files/gen_single.cpp" type="cpp.g++17"/>
                                
                <binary path="files/gen_single.exe" type="exe.win32"/>
                            
            </executable>
                        
            <executable>
                                
                <source path="files/gen_worst.cpp" type="cpp.g++17"/>
                                
                <binary path="files/gen_worst.exe" type="exe.win32"/>
                            
            </executable>
                        
            <executable>
                                
                <source path="files/interactor.cpp" type="cpp.g++17"/>
                                
                <binary path="files/interactor.exe" type="exe.win32"/>
                            
            </executable>
                        
            <executable>
                                
                <source path="files/petergen.cpp" type="cpp.g++17"/>
                                
                <binary path="files/petergen.exe" type="exe.win32"/>
                            
            </executable>
                        
            <executable>
                                
                <source path="files/petergen2.cpp" type="cpp.g++17"/>
                                
                <binary path="files/petergen2.exe" type="exe.win32"/>
                            
            </executable>
                        
            <executable>
                                
                <source path="files/petergen3.cpp" type="cpp.g++17"/>
                                
                <binary path="files/petergen3.exe" type="exe.win32"/>
                            
            </executable>
                        
            <executable>
                                
                <source path="files/specialgen.cpp" type="cpp.g++17"/>
                                
                <binary path="files/specialgen.exe" type="exe.win32"/>
                            
            </executable>
                        
            <executable>
                                
                <source path="files/validator.cpp" type="cpp.g++17"/>
                                
                <binary path="files/validator.exe" type="exe.win32"/>
                            
            </executable>
                    
        </executables>
            
    </files>
        
    <assets>
                
        <checker name="std::ncmp.cpp" type="testlib">
                        
            <source path="files/check.cpp" type="cpp.g++17"/>
                        
            <binary path="check.exe" type="exe.win32"/>
                        
            <copy path="check.cpp"/>
                        
            <testset>
                                
                <test-count>0</test-count>
                                
                <input-path-pattern>files/tests/checker-tests/%02d</input-path-pattern>
                                
                <output-path-pattern>files/tests/checker-tests/%02d.o</output-path-pattern>
                                
                <answer-path-pattern>files/tests/checker-tests/%02d.a</answer-path-pattern>
                                
                <tests/>
                            
            </testset>
                    
        </checker>
                
        <interactor>
                        
            <source path="files/interactor.cpp" type="cpp.g++17"/>
                        
            <binary path="files/interactor.exe" type="exe.win32"/>
                    
        </interactor>
                
        <validators>
                        
            <validator>
                                
                <source path="files/validator.cpp" type="cpp.g++17"/>
                                
                <binary path="files/validator.exe" type="exe.win32"/>
                                
                <testset>
                                        
                    <test-count>6</test-count>
                                        
                    <input-path-pattern>files/tests/validator-tests/%02d</input-path-pattern>
                                        
                    <tests>
                                                
                        <test verdict="valid"/>
                                                
                        <test verdict="invalid"/>
                                                
                        <test verdict="invalid"/>
                                                
                        <test verdict="valid"/>
                                                
                        <test verdict="valid"/>
                                                
                        <test verdict="invalid"/>
                                            
                    </tests>
                                    
                </testset>
                            
            </validator>
                    
        </validators>
                
        <solutions>
                        
            <solution tag="rejected">
                                
                <source path="solutions/finalpetercheese.cpp" type="cpp.g++14"/>
                                
                <binary path="solutions/finalpetercheese.exe" type="exe.win32"/>
                            
            </solution>
                        
            <solution tag="main">
                                
                <source path="solutions/main.cpp" type="cpp.g++17"/>
                                
                <binary path="solutions/main.exe" type="exe.win32"/>
                            
            </solution>
                        
            <solution tag="accepted">
                                
                <source path="solutions/peter.cpp" type="cpp.g++17"/>
                                
                <binary path="solutions/peter.exe" type="exe.win32"/>
                            
            </solution>
                        
            <solution tag="rejected">
                                
                <source path="solutions/petercheese.cpp" type="cpp.g++14"/>
                                
                <binary path="solutions/petercheese.exe" type="exe.win32"/>
                            
            </solution>
                        
            <solution tag="rejected">
                                
                <source path="solutions/peterleaf.cpp" type="cpp.g++14"/>
                                
                <binary path="solutions/peterleaf.exe" type="exe.win32"/>
                            
            </solution>
                        
            <solution tag="rejected">
                                
                <source path="solutions/peteropcheese.cpp" type="cpp.g++14"/>
                                
                <binary path="solutions/peteropcheese.exe" type="exe.win32"/>
                            
            </solution>
                        
            <solution tag="rejected">
                                
                <source path="solutions/peterpain.cpp" type="cpp.g++17"/>
                                
                <binary path="solutions/peterpain.exe" type="exe.win32"/>
                            
            </solution>
                        
            <solution tag="rejected">
                                
                <source path="solutions/peterwrong.cpp" type="cpp.g++17"/>
                                
                <binary path="solutions/peterwrong.exe" type="exe.win32"/>
                            
            </solution>
                        
            <solution tag="rejected">
                                
                <source path="solutions/peterwrong2.cpp" type="cpp.g++17"/>
                                
                <binary path="solutions/peterwrong2.exe" type="exe.win32"/>
                            
            </solution>
                        
            <solution tag="rejected">
                                
                <source path="solutions/sol_no_op.cpp" type="cpp.g++17"/>
                                
                <binary path="solutions/sol_no_op.exe" type="exe.win32"/>
                            
            </solution>
                    
        </solutions>
            
    </assets>
        
    <properties>
                
        <property name="tests-wellformed" value="true"/>
            
    </properties>
        
    <stresses>
                
        <stress-count>3</stress-count>
                
        <stress-path-pattern>stresses/%03d</stress-path-pattern>
                
        <list>
                        
            <stress index="5" path="stresses/005"/>
                        
            <stress index="4" path="stresses/004"/>
                        
            <stress index="3" path="stresses/003"/>
                    
        </list>
            
    </stresses>
        
    <tags>
                
        <tag value="ad hoc"/>
                
        <tag value="tree dp"/>
            
    </tags>
    
</problem>
