<?xml version="1.0" encoding="utf-8" standalone="no"?>
<problem revision="28" short-name="cheapening-a-plan" url="https://polygon.codeforces.com/p9j6LgU/Plasmatic/cheapening-a-plan">
        
    <names>
                
        <name language="english" value="Histogram Ugliness"/>
                
        <name language="russian" value="Уродливость гистограммы"/>
            
    </names>
        
    <statements>
                
        <statement charset="UTF-8" language="english" mathjax="true" path="statements/english/problem.tex" type="application/x-tex"/>
                
        <statement charset="UTF-8" language="russian" mathjax="true" path="statements/russian/problem.tex" type="application/x-tex"/>
                
        <statement charset="UTF-8" language="english" mathjax="true" path="statements/.html/english/problem.html" type="text/html"/>
                
        <statement charset="UTF-8" language="russian" mathjax="true" path="statements/.html/russian/problem.html" type="text/html"/>
                
        <statement language="english" path="statements/.pdf/english/problem.pdf" type="application/pdf"/>
                
        <statement language="russian" path="statements/.pdf/russian/problem.pdf" type="application/pdf"/>
            
    </statements>
        
    <tutorials>
                
        <tutorial charset="UTF-8" language="english" mathjax="true" path="statements/english/tutorial.tex" type="application/x-tex"/>
                
        <tutorial charset="UTF-8" language="english" mathjax="true" path="statements/.html/english/tutorial.html" type="text/html"/>
                
        <tutorial language="english" path="statements/.pdf/english/tutorial.pdf" type="application/pdf"/>
            
    </tutorials>
        
    <judging cpu-name="Intel(R) Core(TM) i3-8100 CPU @ 3.60GHz" cpu-speed="3600" input-file="" output-file="">
                
        <testset name="tests">
                        
            <time-limit>2000</time-limit>
                        
            <memory-limit>268435456</memory-limit>
                        
            <test-count>20</test-count>
                        
            <input-path-pattern>tests/%02d</input-path-pattern>
                        
            <answer-path-pattern>tests/%02d.a</answer-path-pattern>
                        
            <tests>
                                
                <test method="manual"/>
                                
                <test cmd="gen_all_small 5" method="generated"/>
                                
                <test cmd="gen_max 1" method="generated"/>
                                
                <test cmd="gen_rand 10 400000 0 1000000000" method="generated"/>
                                
                <test cmd="gen_rand 10000 400000 0 1000000000" method="generated"/>
                                
                <test cmd="gen_rand_extremes 10 400000 0 1000000000" method="generated"/>
                                
                <test cmd="gen_rand 1000 400000 0 1000000000" method="generated"/>
                                
                <test cmd="gen_rand 100 400000 0 1000000000" method="generated"/>
                                
                <test cmd="gen_rand 100 400000 0 100" method="generated"/>
                                
                <test cmd="gen_rand 1 400000 0 1000000000" method="generated"/>
                                
                <test cmd="gen_rand 1 400000 0 1000" method="generated"/>
                                
                <test cmd="gen_rand 1 400000 0 100" method="generated"/>
                                
                <test cmd="gen_rand 1 400000 0 20" method="generated"/>
                                
                <test cmd="gen_rand 1 400000 1000000000 1000000000" method="generated"/>
                                
                <test cmd="gen_rand 1 400000 0 0" method="generated"/>
                                
                <test cmd="gen_rand_extremes 10 400000 0 1000" method="generated"/>
                                
                <test cmd="gen_rand_extremes 100 400000 0 1000000000" method="generated"/>
                                
                <test cmd="gen_rand_extremes 1000 400000 0 1000000000" method="generated"/>
                                
                <test cmd="gen_rand_extremes 10000 400000 0 1000000000" method="generated"/>
                                
                <test cmd="gen_rand_extremes 10 400000 999999000 1000000000" method="generated"/>
                            
            </tests>
                    
        </testset>
                
        <testset name="pretests">
                        
            <time-limit>2000</time-limit>
                        
            <memory-limit>268435456</memory-limit>
                        
            <test-count>6</test-count>
                        
            <input-path-pattern>pretests/%02d</input-path-pattern>
                        
            <answer-path-pattern>pretests/%02d.a</answer-path-pattern>
                        
            <tests>
                                
                <test method="manual" sample="true"/>
                                
                <test cmd="gen_all_small 5" method="generated"/>
                                
                <test cmd="gen_max 1" method="generated"/>
                                
                <test cmd="gen_rand 10 400000 0 1000000000" method="generated"/>
                                
                <test cmd="gen_rand 10000 400000 0 1000000000" method="generated"/>
                                
                <test cmd="gen_rand_extremes 10 400000 0 1000000000" method="generated"/>
                            
            </tests>
                    
        </testset>
            
    </judging>
        
    <files>
                
        <resources>
                        
            <file path="files/olymp.sty"/>
                        
            <file path="files/problem.tex"/>
                        
            <file path="files/statements.ftl"/>
                        
            <file path="files/testlib.h" type="h.g++"/>
                        
            <file path="files/tutorial.tex"/>
                    
        </resources>
                
        <executables>
                        
            <executable>
                                
                <source path="files/gen.cpp" type="cpp.g++17"/>
                                
                <binary path="files/gen.exe" type="exe.win32"/>
                            
            </executable>
                        
            <executable>
                                
                <source path="files/gen_all_small.cpp" type="cpp.g++17"/>
                                
                <binary path="files/gen_all_small.exe" type="exe.win32"/>
                            
            </executable>
                        
            <executable>
                                
                <source path="files/gen_max.cpp" type="cpp.g++17"/>
                                
                <binary path="files/gen_max.exe" type="exe.win32"/>
                            
            </executable>
                        
            <executable>
                                
                <source path="files/gen_rand.cpp" type="cpp.g++17"/>
                                
                <binary path="files/gen_rand.exe" type="exe.win32"/>
                            
            </executable>
                        
            <executable>
                                
                <source path="files/gen_rand_extremes.cpp" type="cpp.g++17"/>
                                
                <binary path="files/gen_rand_extremes.exe" type="exe.win32"/>
                            
            </executable>
                        
            <executable>
                                
                <source path="files/validator.cpp" type="cpp.g++17"/>
                                
                <binary path="files/validator.exe" type="exe.win32"/>
                            
            </executable>
                    
        </executables>
            
    </files>
        
    <assets>
                
        <checker name="std::ncmp.cpp" type="testlib">
                        
            <source path="files/check.cpp" type="cpp.g++17"/>
                        
            <binary path="check.exe" type="exe.win32"/>
                        
            <copy path="check.cpp"/>
                        
            <testset>
                                
                <test-count>0</test-count>
                                
                <input-path-pattern>files/tests/checker-tests/%02d</input-path-pattern>
                                
                <output-path-pattern>files/tests/checker-tests/%02d.o</output-path-pattern>
                                
                <answer-path-pattern>files/tests/checker-tests/%02d.a</answer-path-pattern>
                                
                <tests/>
                            
            </testset>
                    
        </checker>
                
        <validators>
                        
            <validator>
                                
                <source path="files/validator.cpp" type="cpp.g++17"/>
                                
                <binary path="files/validator.exe" type="exe.win32"/>
                                
                <testset>
                                        
                    <test-count>8</test-count>
                                        
                    <input-path-pattern>files/tests/validator-tests/%02d</input-path-pattern>
                                        
                    <tests>
                                                
                        <test verdict="valid"/>
                                                
                        <test verdict="valid"/>
                                                
                        <test verdict="valid"/>
                                                
                        <test verdict="invalid"/>
                                                
                        <test verdict="invalid"/>
                                                
                        <test verdict="invalid"/>
                                                
                        <test verdict="invalid"/>
                                                
                        <test verdict="invalid"/>
                                            
                    </tests>
                                    
                </testset>
                            
            </validator>
                    
        </validators>
                
        <solutions>
                        
            <solution tag="accepted">
                                
                <source path="solutions/B.java" type="java11"/>
                                
                <binary path="solutions/B.jar" type="jar"/>
                            
            </solution>
                        
            <solution tag="accepted">
                                
                <source path="solutions/Bpython.py" type="python.3"/>
                                
                <binary path="solutions/Bpython.pys3" type="pythonx.3"/>
                            
            </solution>
                        
            <solution tag="rejected">
                                
                <source path="solutions/ans_overflow.cpp" type="cpp.g++17"/>
                                
                <binary path="solutions/ans_overflow.exe" type="exe.win32"/>
                            
            </solution>
                        
            <solution tag="time-limit-exceeded">
                                
                <source path="solutions/brute.cpp" type="cpp.g++17"/>
                                
                <binary path="solutions/brute.exe" type="exe.win32"/>
                            
            </solution>
                        
            <solution tag="accepted">
                                
                <source path="solutions/eric.cpp" type="cpp.g++17"/>
                                
                <binary path="solutions/eric.exe" type="exe.win32"/>
                            
            </solution>
                        
            <solution tag="main">
                                
                <source path="solutions/main.cpp" type="cpp.g++17"/>
                                
                <binary path="solutions/main.exe" type="exe.win32"/>
                            
            </solution>
                    
        </solutions>
            
    </assets>
        
    <properties>
                
        <property name="tests-wellformed" value="true"/>
            
    </properties>
        
    <stresses>
                
        <stress-count>1</stress-count>
                
        <stress-path-pattern>stresses/%03d</stress-path-pattern>
                
        <list>
                        
            <stress index="1" path="stresses/001"/>
                    
        </list>
            
    </stresses>
        
    <tags>
                
        <tag value="greedy"/>
                
        <tag value="simple math"/>
            
    </tags>
    
</problem>
