{"scoring":null,"notes":"Ответ в первом примере дан в примере вывода. Можно показать, что решения во втором примере не существует. В третьем примере все клетки изначально покрашены, и покраска является корректной.","legend":"Сегодня мы сыграем в игру <<покрась в красный и белый>> (нет, это не гражданская война, это просто цвета канадского флага).\r\n\r\nВам дана таблица $n \\times m$, состоящая из символов <<\\texttt{R}>>, <<\\texttt{W}>> и <<\\texttt{.}>>. Символ <<\\texttt{R}>> обозначает красную клетку, <<\\texttt{W}>> обозначает белую клетку, а <<\\texttt{.}>> обозначает непокрашенную клетку. Соседями клетки называются клетки, имеющие общую сторону с данной (клетки, имеющие только общий угол, не считаются). \r\n\r\nВаша задача --- покрасить непокрашенные клетки в красный или белый так, чтобы у каждой красной клетки были только белые соседи (и не было красных), а у каждой белой --- только красные соседи (и не было белых). Уже покрашенные клетки перекрашивать нельзя.","authorLogin":"crackersamdjam","language":"russian","timeLimit":1500,"output":"Для каждого набора входных данных выведите <<\\texttt{YES}>>, если можно раскрасить таблицу требуемым образом, и <<\\texttt{NO}>> в противном случае.\r\n\r\nЕсли ответ существует, выведите покрашенную таблицу в следующих $n$ строках. Если существует несколько решений, выведите любое из них.\r\n\r\nВы можете выводить каждую букву слов <<\\texttt{YES}>> и <<\\texttt{NO}>> в любом регистре (строчную или заглавную), например, ответы <<\\texttt{yEs}>> и <<\\texttt{nO}>> будут зачтены. Однако \\textbf{буквы в таблице нужно выводить заглавными}.","inputFile":"stdin","outputFile":"stdout","input":"Во входных данных находятся несколько наборов входных данных. В первой строке находится одно целое число $t$ ($1 \\le t \\le 100$) \"--- количество наборов входных данных. Далее следуют наборы входных данных.\r\n\r\nПервая строка набора входных данных содержит целые числа $n$ и $m$ ($1 \\le n \\le 50$, $1 \\le m \\le 50$) \"--- высота и ширина таблицы.\r\n\r\nСледующие $n$ строк содержат таблицу. Каждый символ таблицы равен <<\\t{R}>>, <<\\t{W}>> или <<\\t{.}>>.","authorName":"Eric Pei","sampleTests":[{"output":"YES\r\nWRWRWR\r\nRWRWRW\r\nWRWRWR\r\nRWRWRW\r\nNO\r\nYES\r\nR\r\nW\r\nR\r\nW\r\nR\r\n","input":"3\r\n4 6\r\n.R....\r\n......\r\n......\r\n.W....\r\n4 4\r\n.R.W\r\n....\r\n....\r\n....\r\n5 1\r\nR\r\nW\r\nR\r\nW\r\nR\r\n","inputFile":"example.01","outputFile":"example.01.a"}],"name":"Покраска флага","interaction":null,"memoryLimit":268435456,"tutorial":""}